TotalBudget,RoleDescription,ExperienceRating,AmountPaid,BalanceAmount,projAgeYrs,logAnnualBudget,paymentRatio,deptActive,statusProjEnc,dept_Agriculture,dept_Education,dept_Energy,dept_Health,dept_Infrastructure,dept_Water & Sanitation,ptype_Bridge,ptype_Dam,ptype_Flyover,ptype_Grid Station,ptype_Hospital,ptype_Irrigation Canal,ptype_Road Construction,ptype_Rural Health Centre,ptype_School Building,ptype_Solar Plant,ptype_University Building,ptype_Water Treatment Plant,loc_Abbottabad,loc_Bahawalpur,loc_Dera Ghazi Khan,loc_Faisalabad,loc_Gujranwala,loc_Gwadar,loc_Hyderabad,loc_Islamabad,loc_Karachi,loc_Lahore,loc_Mardan,loc_Multan,loc_Peshawar,loc_Quetta,loc_Rawalpindi,loc_Sargodha,loc_Sialkot,loc_Sukkur,loc_Swat,loc_Turbat
435.82,Sub Contractor,3.99,192.7,243.12,4.87,11.3504,0.4422,1,4,0,0,0,0,1,0,0,0,0,0,0,0,0,0,0,0,0,1,0,0,0,0,0,0,0,0,0,0,0,0,1,0,0,0,0,0,0,0
612.54,Project Lead,1.89,369.75,242.79,12.54,10.6454,0.6036,1,5,0,1,0,0,0,0,0,0,0,0,0,0,1,0,0,0,0,0,0,0,0,0,0,0,0,1,0,0,0,0,0,0,0,0,0,0,0,0
661.64,Project Lead,2.46,564.27,97.37,9.79,11.2252,0.8528,1,1,0,0,1,0,0,0,0,0,0,0,0,0,1,0,0,0,0,0,0,0,0,0,0,0,0,0,0,0,0,1,0,0,0,0,0,0,0,0
1248.6,Quality Inspector,3.99,892.64,355.96,4.62,11.3504,0.7149,1,1,0,0,0,0,1,0,0,0,0,0,0,0,0,0,0,0,1,0,0,0,0,0,0,0,0,0,0,0,0,0,0,0,0,0,1,0,0,0
848.36,Quality Inspector,4.47,578.34,270.02,14.96,11.0021,0.6817,1,5,0,0,0,1,0,0,0,0,0,0,0,0,1,0,0,0,0,0,0,0,0,0,0,0,0,0,0,0,0,0,0,0,1,0,0,0,0,0
506.94,Sub Contractor,4.9,176.38,330.56,6.04,10.4631,0.3479,1,3,0,0,0,0,0,1,0,0,0,1,0,0,0,0,0,0,0,0,0,0,0,0,0,0,0,1,0,0,0,0,0,0,0,0,0,0,0,0
217.24,Site Supervisor,1.89,90.54,126.7,3.79,11.3504,0.4168,1,0,0,0,0,0,1,0,0,0,0,0,0,0,1,0,0,0,0,0,0,0,0,0,0,0,0,0,0,0,0,0,0,0,1,0,0,0,0,0
1692.88,Project Lead,1.89,711.72,981.16,12.05,10.6454,0.4204,1,1,0,1,0,0,0,0,0,0,0,0,0,0,0,0,0,0,0,1,0,0,0,0,0,0,0,0,0,0,1,0,0,0,0,0,0,0,0,0
1951.99,Sub Contractor,3.99,787.16,1164.83,9.12,10.4631,0.4033,1,2,0,0,0,0,0,1,0,1,0,0,0,0,0,0,0,0,0,0,0,0,0,0,0,0,0,0,0,0,0,0,0,1,0,0,0,0,0,0
2051.5,Quality Inspector,4.9,932.51,1118.99,8.21,11.0021,0.4546,1,0,0,0,0,1,0,0,0,0,0,0,0,0,0,1,0,0,0,0,0,0,0,0,0,0,0,0,0,0,0,0,0,0,0,1,0,0,0,0
1532.89,Sub Contractor,3.99,279.74,1253.15,4.87,11.2252,0.1825,1,4,0,0,1,0,0,0,0,0,0,0,0,0,0,1,0,0,0,0,0,0,0,0,0,0,0,0,0,1,0,0,0,0,0,0,0,0,0,0
685.03,Lead Contractor,4.9,399.03,286,15.46,10.4631,0.5825,1,1,0,0,0,0,0,1,0,0,0,0,1,0,0,0,0,0,0,0,0,0,0,0,1,0,0,0,0,0,0,0,0,0,0,0,0,0,0,0
2302.19,Sub Contractor,3.99,1252.86,1049.33,9.12,11.2252,0.5442,1,2,0,0,1,0,0,0,0,0,0,0,0,0,0,0,1,0,0,0,0,0,0,0,0,0,0,1,0,0,0,0,0,0,0,0,0,0,0,0
4290.43,Project Lead,3.99,2019.44,2270.99,7.29,10.6454,0.4707,1,5,0,1,0,0,0,0,0,0,0,0,0,0,0,0,0,0,1,0,1,0,0,0,0,0,0,0,0,0,0,0,0,0,0,0,0,0,0,0
6090.18,Lead Contractor,2.46,5534.33,555.85,11.21,11.3504,0.9087,1,4,0,0,0,0,1,0,0,1,0,0,0,0,0,0,0,0,0,0,0,0,0,0,0,0,0,0,0,0,0,0,0,0,1,0,0,0,0,0
5622.72,Project Lead,1.64,2763.11,2859.61,12.88,10.4631,0.4914,1,5,0,0,0,0,0,1,0,0,1,0,0,0,0,0,0,0,0,0,0,0,0,0,0,0,0,1,0,0,0,0,0,0,0,0,0,0,0,0
1282.26,Lead Contractor,1.89,945.96,336.3,14.38,11.3504,0.7377,1,3,0,0,0,0,1,0,0,0,0,0,0,1,0,0,0,0,0,0,0,0,0,1,0,0,0,0,0,0,0,0,0,0,0,0,0,0,0,0
1277.21,Lead Contractor,2.33,1106.32,170.89,12.54,10.6454,0.8662,1,1,0,1,0,0,0,0,0,0,0,0,0,0,0,0,1,0,0,0,0,0,0,0,0,0,0,0,0,0,0,0,0,0,1,0,0,0,0,0
2780.57,Project Lead,3.46,2417.39,363.18,5.54,11.3504,0.8694,1,2,0,0,0,0,1,0,0,0,0,0,0,0,0,0,0,1,0,0,0,0,0,0,0,0,0,0,0,0,0,0,1,0,0,0,0,0,0,0
2356.53,Sub Contractor,4.9,1189.19,1167.34,15.72,10.24,0.5046,0,3,1,0,0,0,0,0,0,0,0,0,0,0,1,0,0,0,0,0,0,0,0,0,0,0,0,0,0,0,0,1,0,0,0,0,0,0,0,0
7605.77,Project Lead,3.57,6524.8,1080.97,15.46,10.6454,0.8579,1,4,0,1,0,0,0,0,0,1,0,0,0,0,0,0,0,0,0,0,0,0,0,0,0,1,0,0,0,0,0,0,0,0,0,0,0,0,0,0
1145.63,Sub Contractor,4.03,697.36,448.27,15.05,10.4631,0.6087,1,2,0,0,0,0,0,1,0,0,0,0,1,0,0,0,0,0,0,0,0,0,0,0,0,0,0,0,1,0,0,0,0,0,0,0,0,0,0,0
9379.71,Quality Inspector,3.99,3910.71,5469,5.45,10.24,0.4169,0,2,1,0,0,0,0,0,0,0,0,0,0,0,0,0,0,0,1,0,0,0,0,0,0,0,0,1,0,0,0,0,0,0,0,0,0,0,0,0
1871.05,Sub Contractor,2.46,544.32,1326.73,11.12,10.24,0.2909,0,0,1,0,0,0,0,0,0,0,0,0,0,0,0,0,0,0,0,1,0,0,0,0,0,1,0,0,0,0,0,0,0,0,0,0,0,0,0,0
2671.34,Quality Inspector,2.4,636.47,2034.87,15.05,11.2252,0.2383,1,5,0,0,1,0,0,0,0,0,0,0,0,0,0,0,0,1,0,0,0,0,0,0,0,1,0,0,0,0,0,0,0,0,0,0,0,0,0,0
9100.7,Project Lead,2.46,705.7,8395,5.87,11.2252,0.0775,1,4,0,0,1,0,0,0,0,0,1,0,0,0,0,0,0,0,0,0,0,0,0,1,0,0,0,0,0,0,0,0,0,0,0,0,0,0,0,0
7203.84,Lead Contractor,3.57,5055.9,2147.94,12.05,11.2252,0.7018,1,0,0,0,1,0,0,0,0,0,1,0,0,0,0,0,0,0,0,0,0,0,0,0,0,0,0,0,0,0,0,0,0,1,0,0,0,0,0,0
4582.97,Lead Contractor,4.9,1089.48,3493.49,2.79,11.3504,0.2377,1,4,0,0,0,0,1,0,0,0,0,0,1,0,0,0,0,0,0,0,0,0,0,0,1,0,0,0,0,0,0,0,0,0,0,0,0,0,0,0
9751.45,Site Supervisor,3.46,9527.55,223.9,3.54,11.0021,0.977,1,5,0,0,0,1,0,0,0,1,0,0,0,0,0,0,0,0,0,0,0,0,0,0,0,0,0,0,0,0,0,0,1,0,0,0,0,0,0,0
8121.23,Site Supervisor,2.84,1131.39,6989.84,13.29,11.3504,0.1393,1,5,0,0,0,0,1,0,0,0,0,0,1,0,0,0,0,0,0,0,1,0,0,0,0,0,0,0,0,0,0,0,0,0,0,0,0,0,0,0
2465.2,Site Supervisor,2.84,749.06,1716.14,12.63,10.6454,0.3039,1,2,0,1,0,0,0,0,0,0,0,0,0,0,1,0,0,0,0,0,0,0,0,0,0,0,0,0,0,0,0,0,0,0,0,0,0,0,1,0
2943.83,Lead Contractor,4.47,845.09,2098.74,5.54,11.0021,0.2871,1,0,0,0,0,1,0,0,0,0,0,0,0,0,0,0,1,0,0,0,0,0,0,0,0,0,0,0,0,0,0,0,0,0,0,0,1,0,0,0
7421.18,Sub Contractor,4.03,6701.49,719.69,14.46,11.3504,0.903,1,1,0,0,0,0,1,0,0,0,0,0,0,0,0,0,0,0,1,0,0,0,0,0,0,0,0,0,0,0,0,0,0,0,0,0,1,0,0,0
9292.96,Site Supervisor,3.99,952.76,8340.2,4.71,11.3504,0.1025,1,0,0,0,0,0,1,0,0,1,0,0,0,0,0,0,0,0,0,0,0,0,0,0,0,0,0,0,0,0,0,0,0,0,0,0,1,0,0,0
1531.23,Project Lead,4.03,872.81,658.42,10.38,10.4631,0.57,1,5,0,0,0,0,0,1,0,0,0,0,0,0,0,0,0,0,0,1,0,0,0,0,0,0,0,0,0,0,0,0,0,0,0,0,0,1,0,0
6347.39,Lead Contractor,4.03,1509.58,4837.81,9.37,11.2252,0.2378,1,1,0,0,1,0,0,0,0,1,0,0,0,0,0,0,0,0,0,0,1,0,0,0,0,0,0,0,0,0,0,0,0,0,0,0,0,0,0,0
6918.46,Site Supervisor,2.33,2136.79,4781.67,10.63,11.2252,0.3089,1,0,0,0,1,0,0,0,0,0,0,0,0,0,0,0,0,0,1,0,0,0,1,0,0,0,0,0,0,0,0,0,0,0,0,0,0,0,0,0
2423.56,Site Supervisor,3.57,1514.43,909.13,14.96,11.0021,0.6249,1,2,0,0,0,1,0,0,0,0,0,0,0,0,0,0,0,0,0,1,0,0,1,0,0,0,0,0,0,0,0,0,0,0,0,0,0,0,0,0
2095.14,Site Supervisor,4.03,84.54,2010.6,5.45,10.24,0.0404,0,3,1,0,0,0,0,0,0,0,0,0,0,0,0,0,1,0,0,0,0,0,0,0,0,0,0,0,0,0,1,0,0,0,0,0,0,0,0,0
1681.07,Project Lead,2.33,1661.43,19.64,13.29,10.6454,0.9883,1,4,0,1,0,0,0,0,0,0,0,0,0,0,0,0,1,0,0,0,1,0,0,0,0,0,0,0,0,0,0,0,0,0,0,0,0,0,0,0
8390.41,Site Supervisor,2.33,4136.98,4253.43,6.29,10.24,0.4931,0,0,1,0,0,0,0,0,0,0,0,0,0,0,0,0,0,0,1,0,0,0,0,0,0,0,0,0,0,0,0,0,0,0,0,0,0,1,0,0
2772.84,Quality Inspector,2.46,995.71,1777.13,11.54,11.2252,0.3591,1,3,0,0,1,0,0,0,1,0,0,0,0,0,0,0,0,0,0,0,0,0,0,0,0,0,0,0,0,0,0,0,0,0,1,0,0,0,0,0
475.36,Project Lead,2.46,230.37,244.99,13.96,10.6454,0.4846,1,2,0,1,0,0,0,0,0,0,0,0,0,0,0,0,0,1,0,0,0,0,0,0,0,0,0,1,0,0,0,0,0,0,0,0,0,0,0,0
2573.06,Lead Contractor,4.03,831.51,1741.55,9.46,10.24,0.3232,0,0,1,0,0,0,0,0,0,0,0,0,0,0,1,0,0,0,0,0,0,0,0,1,0,0,0,0,0,0,0,0,0,0,0,0,0,0,0,0
2695.48,Project Lead,2.84,1105.81,1589.67,4.29,10.4631,0.4102,1,3,0,0,0,0,0,1,0,0,0,0,0,1,0,0,0,0,0,0,1,0,0,0,0,0,0,0,0,0,0,0,0,0,0,0,0,0,0,0
1611.69,Lead Contractor,1.64,723.02,888.67,13.63,11.2252,0.4486,1,3,0,0,1,0,0,0,0,0,0,0,0,0,0,0,0,0,0,1,0,0,0,0,0,0,0,0,0,0,0,0,0,0,0,0,0,0,0,1
1375,Project Lead,4.03,156.8,1218.2,11.71,11.3504,0.114,1,1,0,0,0,0,1,0,0,0,0,0,0,0,0,1,0,0,0,0,0,0,0,0,0,0,0,0,0,0,0,1,0,0,0,0,0,0,0,0
2267.61,Lead Contractor,2.84,601.36,1666.25,10.96,11.3504,0.2652,1,2,0,0,0,0,1,0,0,0,0,0,0,0,1,0,0,0,0,0,0,0,0,0,1,0,0,0,0,0,0,0,0,0,0,0,0,0,0,0
520.01,Lead Contractor,1.89,100.38,419.63,12.63,10.4631,0.193,1,0,0,0,0,0,0,1,0,0,0,0,0,0,0,1,0,0,0,0,0,0,0,0,0,0,0,0,0,0,0,0,1,0,0,0,0,0,0,0
4268.22,Sub Contractor,2.84,2732.89,1535.33,15.88,10.4631,0.6403,1,5,0,0,0,0,0,1,1,0,0,0,0,0,0,0,0,0,0,0,0,0,0,0,0,0,0,0,0,0,0,0,1,0,0,0,0,0,0,0
2352.25,Quality Inspector,2.4,1552.2,800.05,7.12,11.2252,0.6599,1,1,0,0,1,0,0,0,0,0,0,0,0,0,0,0,1,0,0,0,0,0,0,0,0,1,0,0,0,0,0,0,0,0,0,0,0,0,0,0
2127.78,Sub Contractor,3.46,629.03,1498.75,14.72,10.24,0.2956,0,3,1,0,0,0,0,0,0,0,0,0,0,0,1,0,0,0,0,0,1,0,0,0,0,0,0,0,0,0,0,0,0,0,0,0,0,0,0,0
2558.11,Project Lead,4.9,1236.7,1321.41,9.29,10.24,0.4834,0,4,1,0,0,0,0,0,0,0,0,0,0,0,0,0,0,1,0,0,0,0,0,0,0,0,0,0,0,0,0,0,0,0,0,0,0,0,1,0
5131.72,Quality Inspector,4.9,3651.95,1479.77,15.63,11.0021,0.7116,1,1,0,0,0,1,0,0,0,0,0,0,0,0,0,0,0,0,1,0,0,0,0,0,0,0,0,0,0,0,0,0,0,0,0,0,0,0,0,1
7340.71,Site Supervisor,2.4,4832.36,2508.35,7.96,11.3504,0.6583,1,3,0,0,0,0,1,0,1,0,0,0,0,0,0,0,0,0,0,0,0,0,0,0,1,0,0,0,0,0,0,0,0,0,0,0,0,0,0,0
2081.53,Quality Inspector,3.99,1139.3,942.23,14.88,11.3504,0.5473,1,1,0,0,0,0,1,0,0,0,0,0,0,0,0,1,0,0,0,0,0,0,0,0,0,0,0,0,0,0,1,0,0,0,0,0,0,0,0,0
933.74,Site Supervisor,2.46,702.06,231.68,10.29,11.0021,0.7519,1,2,0,0,0,1,0,0,0,0,0,0,0,1,0,0,0,0,0,0,0,0,0,0,1,0,0,0,0,0,0,0,0,0,0,0,0,0,0,0
2179.26,Lead Contractor,1.64,699.28,1479.98,12.29,10.6454,0.3209,1,0,0,1,0,0,0,0,0,0,0,1,0,0,0,0,0,0,0,0,0,0,0,0,0,0,0,0,0,0,0,1,0,0,0,0,0,0,0,0
932.4,Site Supervisor,2.4,709.97,222.43,15.3,11.0021,0.7614,1,4,0,0,0,1,0,0,0,0,1,0,0,0,0,0,0,0,0,0,0,0,0,0,0,0,0,0,0,0,0,1,0,0,0,0,0,0,0,0
1035.3,Project Lead,4.9,101.52,933.78,11.63,10.4631,0.0981,1,4,0,0,0,0,0,1,0,0,0,0,0,0,0,0,1,0,0,0,0,0,0,0,0,0,0,0,0,1,0,0,0,0,0,0,0,0,0,0
464.61,Site Supervisor,4.9,359,105.61,5.37,10.4631,0.7727,1,0,0,0,0,0,0,1,0,0,0,0,0,0,0,1,0,0,0,0,0,0,0,0,0,0,0,1,0,0,0,0,0,0,0,0,0,0,0,0
9130.79,Quality Inspector,1.64,850.28,8280.51,12.54,10.4631,0.0931,1,1,0,0,0,0,0,1,0,0,0,0,0,0,0,0,0,0,1,0,0,0,1,0,0,0,0,0,0,0,0,0,0,0,0,0,0,0,0,0
261.94,Lead Contractor,3.46,112.43,149.51,5.96,10.6454,0.4292,1,2,0,1,0,0,0,0,0,0,0,1,0,0,0,0,0,0,0,0,0,0,0,0,0,0,0,0,0,0,0,0,1,0,0,0,0,0,0,0
2126.73,Site Supervisor,2.33,1691.29,435.44,12.21,10.24,0.7953,0,5,1,0,0,0,0,0,0,0,0,1,0,0,0,0,0,0,0,0,0,0,1,0,0,0,0,0,0,0,0,0,0,0,0,0,0,0,0,0
1642.8,Quality Inspector,3.46,170.7,1472.1,3.96,11.2252,0.1039,1,5,0,0,1,0,0,0,0,0,0,0,0,0,0,0,0,0,0,1,0,1,0,0,0,0,0,0,0,0,0,0,0,0,0,0,0,0,0,0
1681.36,Project Lead,4.9,870.87,810.49,4.45,10.4631,0.518,1,5,0,0,0,0,0,1,0,0,0,0,1,0,0,0,0,0,0,0,0,0,0,0,0,1,0,0,0,0,0,0,0,0,0,0,0,0,0,0
1819.07,Sub Contractor,2.46,100.08,1718.99,7.21,11.3504,0.055,1,4,0,0,0,0,1,0,0,0,0,0,0,0,0,1,0,0,0,0,0,0,0,0,0,0,0,0,0,0,1,0,0,0,0,0,0,0,0,0
1961.5,Project Lead,3.46,999.41,962.09,16.05,10.4631,0.5095,1,1,0,0,0,0,0,1,0,0,0,0,0,0,0,0,0,0,0,1,0,0,0,0,0,0,0,0,0,0,0,0,0,0,0,0,1,0,0,0
331.71,Project Lead,4.47,314.17,17.54,9.79,11.0021,0.9471,1,2,0,0,0,1,0,0,0,0,0,0,0,0,0,0,1,0,0,0,0,0,0,0,0,0,0,0,0,0,0,0,0,0,0,0,0,0,1,0
365.45,Lead Contractor,2.4,204.14,161.31,14.8,10.24,0.5586,0,3,1,0,0,0,0,0,0,0,0,0,0,0,0,0,0,1,0,0,0,0,0,0,0,0,0,0,1,0,0,0,0,0,0,0,0,0,0,0
1883.72,Sub Contractor,2.84,589.51,1294.21,7.79,10.6454,0.3129,1,4,0,1,0,0,0,0,0,0,0,0,0,1,0,0,0,0,0,0,0,0,0,0,0,0,0,0,1,0,0,0,0,0,0,0,0,0,0,0
2135.15,Sub Contractor,2.4,537.71,1597.44,15.38,11.3504,0.2518,1,1,0,0,0,0,1,0,0,0,0,1,0,0,0,0,0,0,0,0,0,0,0,0,0,0,0,0,0,0,0,0,0,0,0,0,0,0,1,0
2155.48,Project Lead,1.89,2114.39,41.09,6.04,11.3504,0.9809,1,0,0,0,0,0,1,0,0,0,0,0,0,0,0,0,1,0,0,0,0,0,0,0,0,0,0,0,0,0,1,0,0,0,0,0,0,0,0,0
6194.09,Lead Contractor,3.46,4938.89,1255.2,13.71,10.4631,0.7974,1,5,0,0,0,0,0,1,0,1,0,0,0,0,0,0,0,0,0,0,0,0,0,0,0,0,0,0,0,0,1,0,0,0,0,0,0,0,0,0
909.7,Project Lead,1.64,423.85,485.85,12.21,10.4631,0.4659,1,0,0,0,0,0,0,1,0,0,0,0,0,1,0,0,0,0,0,0,0,0,0,0,0,0,0,0,0,0,0,0,0,0,0,0,0,1,0,0
2799.9,Sub Contractor,1.89,2410.86,389.04,7.54,11.0021,0.8611,1,2,0,0,0,1,0,0,0,0,0,0,0,0,0,1,0,0,0,0,0,0,0,0,0,0,1,0,0,0,0,0,0,0,0,0,0,0,0,0
1170.51,Project Lead,3.99,183.57,986.94,4.62,11.0021,0.1568,1,5,0,0,0,1,0,0,0,0,0,0,0,1,0,0,0,0,0,0,0,0,0,0,0,0,0,0,1,0,0,0,0,0,0,0,0,0,0,0
9149.2,Project Lead,1.89,8883.95,265.25,2.62,11.3504,0.971,1,4,0,0,0,0,1,0,0,0,0,0,0,0,0,0,0,0,1,0,0,0,0,0,0,0,0,0,0,0,0,0,0,0,0,0,0,1,0,0
2558.26,Quality Inspector,2.4,2280.38,277.88,10.46,11.0021,0.8914,1,5,0,0,0,1,0,0,0,0,0,0,0,0,0,0,1,0,0,0,0,0,0,0,0,0,0,0,0,0,0,0,0,0,0,0,0,0,1,0
2059.51,Lead Contractor,2.84,267.73,1791.78,7.12,11.3504,0.13,1,1,0,0,0,0,1,0,0,0,0,0,0,0,0,1,0,0,0,0,0,0,0,0,1,0,0,0,0,0,0,0,0,0,0,0,0,0,0,0
106.26,Quality Inspector,3.57,18.65,87.61,13.29,10.24,0.1755,0,1,1,0,0,0,0,0,0,0,0,0,0,0,0,0,0,0,0,1,0,0,0,0,0,0,0,0,0,0,0,0,1,0,0,0,0,0,0,0
255.33,Site Supervisor,1.64,152.62,102.71,6.04,10.4631,0.5977,1,3,0,0,0,0,0,1,0,0,0,0,0,0,0,0,0,1,0,0,1,0,0,0,0,0,0,0,0,0,0,0,0,0,0,0,0,0,0,0
589.28,Sub Contractor,4.9,271.82,317.46,11.63,11.2252,0.4613,1,3,0,0,1,0,0,0,0,1,0,0,0,0,0,0,0,0,0,0,0,0,0,0,0,0,0,0,0,0,1,0,0,0,0,0,0,0,0,0
8530.39,Project Lead,4.03,3437.89,5092.5,5.71,11.0021,0.403,1,2,0,0,0,1,0,0,0,0,1,0,0,0,0,0,0,0,0,0,0,1,0,0,0,0,0,0,0,0,0,0,0,0,0,0,0,0,0,0
8385.36,Sub Contractor,4.9,6591.49,1793.87,4.87,11.0021,0.7861,1,3,0,0,0,1,0,0,0,0,1,0,0,0,0,0,0,0,0,0,0,1,0,0,0,0,0,0,0,0,0,0,0,0,0,0,0,0,0,0
1829.05,Site Supervisor,2.84,1260.29,568.76,8.88,11.2252,0.689,1,1,0,0,1,0,0,0,0,0,0,0,0,0,1,0,0,0,0,0,0,0,1,0,0,0,0,0,0,0,0,0,0,0,0,0,0,0,0,0
2370.06,Site Supervisor,1.64,757.9,1612.16,14.38,11.2252,0.3198,1,4,0,0,1,0,0,0,0,0,0,1,0,0,0,0,0,0,0,0,0,0,0,0,0,0,0,0,0,0,0,0,0,1,0,0,0,0,0,0
1601.94,Project Lead,3.46,512.32,1089.62,13.05,10.6454,0.3198,1,1,0,1,0,0,0,0,0,0,0,1,0,0,0,0,0,0,0,0,1,0,0,0,0,0,0,0,0,0,0,0,0,0,0,0,0,0,0,0
8671.34,Sub Contractor,3.99,6919.8,1751.54,15.05,10.24,0.798,0,5,1,0,0,0,0,0,0,0,1,0,0,0,0,0,0,0,0,0,0,0,0,0,0,0,0,0,0,0,0,0,1,0,0,0,0,0,0,0
2252.05,Quality Inspector,1.64,586.97,1665.08,14.63,10.4631,0.2606,1,1,0,0,0,0,0,1,0,0,0,0,0,0,1,0,0,0,0,0,0,0,0,0,0,0,0,0,0,0,0,0,0,0,0,0,1,0,0,0
208.39,Project Lead,1.89,16.41,191.98,10.46,10.4631,0.0787,1,3,0,0,0,0,0,1,0,0,0,0,0,0,1,0,0,0,0,0,0,0,1,0,0,0,0,0,0,0,0,0,0,0,0,0,0,0,0,0
1621.89,Sub Contractor,2.33,1218.51,403.38,15.13,10.24,0.7513,0,3,1,0,0,0,0,0,0,0,0,0,0,0,1,0,0,0,0,0,0,0,0,0,0,1,0,0,0,0,0,0,0,0,0,0,0,0,0,0
810.8,Project Lead,2.84,697.7,113.1,14.63,11.2252,0.8605,1,1,0,0,1,0,0,0,0,0,0,0,1,0,0,0,0,0,0,0,1,0,0,0,0,0,0,0,0,0,0,0,0,0,0,0,0,0,0,0
842.13,Site Supervisor,2.33,514.75,327.38,5.79,10.4631,0.6112,1,4,0,0,0,0,0,1,0,0,0,0,0,0,0,0,1,0,0,0,0,0,0,0,0,0,1,0,0,0,0,0,0,0,0,0,0,0,0,0
224.46,Site Supervisor,2.84,58.32,166.14,13.05,11.0021,0.2598,1,0,0,0,0,1,0,0,0,0,0,0,0,0,1,0,0,0,0,0,0,0,0,0,0,0,0,0,1,0,0,0,0,0,0,0,0,0,0,0
2881.21,Lead Contractor,2.46,1096.89,1784.32,12.05,11.3504,0.3807,1,2,0,0,0,0,1,0,0,0,0,0,1,0,0,0,0,0,0,0,0,0,1,0,0,0,0,0,0,0,0,0,0,0,0,0,0,0,0,0
1704.21,Lead Contractor,2.4,1339.15,365.06,16.05,11.0021,0.7858,1,3,0,0,0,1,0,0,0,1,0,0,0,0,0,0,0,0,0,0,0,1,0,0,0,0,0,0,0,0,0,0,0,0,0,0,0,0,0,0
1853.02,Quality Inspector,3.99,1788.69,64.33,8.54,11.3504,0.9653,1,5,0,0,0,0,1,0,0,0,0,0,0,0,0,0,0,1,0,0,0,1,0,0,0,0,0,0,0,0,0,0,0,0,0,0,0,0,0,0
2142.96,Lead Contractor,2.46,381.75,1761.21,9.37,10.24,0.1781,0,3,1,0,0,0,0,0,0,0,0,0,0,0,1,0,0,0,0,0,0,0,0,0,0,0,0,0,0,0,0,0,0,0,0,0,0,0,1,0
4118.59,Project Lead,2.4,1853.95,2264.64,5.45,10.4631,0.4501,1,0,0,0,0,0,0,1,0,0,0,0,1,0,0,0,0,0,0,0,0,0,0,0,0,0,0,0,0,0,0,0,0,0,0,0,1,0,0,0
1301.61,Project Lead,4.03,961.99,339.62,5.54,11.2252,0.7391,1,2,0,0,1,0,0,0,0,0,0,1,0,0,0,0,0,0,0,0,0,0,0,0,0,0,0,0,0,0,0,0,1,0,0,0,0,0,0,0
1950.07,Lead Contractor,2.46,249.97,1700.1,5.87,11.0021,0.1282,1,3,0,0,0,1,0,0,0,0,1,0,0,0,0,0,0,0,0,0,1,0,0,0,0,0,0,0,0,0,0,0,0,0,0,0,0,0,0,0
1693.82,Quality Inspector,2.46,1597.59,96.23,8.21,10.6454,0.9432,1,5,0,1,0,0,0,0,0,0,0,1,0,0,0,0,0,0,0,0,0,0,0,0,0,0,1,0,0,0,0,0,0,0,0,0,0,0,0,0
1742.2,Project Lead,3.46,242.92,1499.28,6.88,11.0021,0.1394,1,2,0,0,0,1,0,0,0,0,0,0,0,1,0,0,0,0,0,0,0,0,0,0,0,0,0,0,1,0,0,0,0,0,0,0,0,0,0,0
2766.18,Site Supervisor,3.57,1166.66,1599.52,13.88,11.3504,0.4218,1,1,0,0,0,0,1,0,0,0,0,0,0,0,0,0,0,0,0,1,0,0,0,0,0,0,0,0,0,0,0,0,0,0,0,0,1,0,0,0
4488.41,Quality Inspector,3.46,3521.81,966.6,4.54,11.3504,0.7846,1,1,0,0,0,0,1,0,0,0,0,0,1,0,0,0,0,0,0,0,0,0,0,0,0,0,0,0,0,1,0,0,0,0,0,0,0,0,0,0
6369.46,Project Lead,2.46,3208.06,3161.4,16.05,11.3504,0.5037,1,5,0,0,0,0,1,0,0,0,0,0,0,0,0,0,0,0,1,0,0,0,1,0,0,0,0,0,0,0,0,0,0,0,0,0,0,0,0,0
1301.14,Sub Contractor,3.99,883.19,417.95,12.54,11.0021,0.6788,1,1,0,0,0,1,0,0,0,0,0,0,0,0,0,1,0,0,0,0,1,0,0,0,0,0,0,0,0,0,0,0,0,0,0,0,0,0,0,0
918.23,Quality Inspector,3.46,138.46,779.77,7.21,10.24,0.1508,0,2,1,0,0,0,0,0,0,0,0,0,0,0,1,0,0,0,0,0,0,0,0,0,0,0,0,0,0,0,0,0,0,0,1,0,0,0,0,0
1510.78,Project Lead,4.47,114.55,1396.23,13.71,10.6454,0.0758,1,5,0,1,0,0,0,0,0,0,0,0,0,0,0,1,0,0,0,0,1,0,0,0,0,0,0,0,0,0,0,0,0,0,0,0,0,0,0,0
1225.18,Lead Contractor,4.03,1185.22,39.96,2.79,11.3504,0.9674,1,5,0,0,0,0,1,0,0,0,0,0,0,0,1,0,0,0,0,0,0,0,0,0,0,0,0,0,0,0,1,0,0,0,0,0,0,0,0,0
4648.76,Sub Contractor,2.84,515.52,4133.24,2.29,10.24,0.1109,0,4,1,0,0,0,0,0,0,0,0,0,1,0,0,0,0,0,0,0,0,0,1,0,0,0,0,0,0,0,0,0,0,0,0,0,0,0,0,0
6515.63,Quality Inspector,2.4,6252.96,262.67,11.05,10.6454,0.9597,1,0,0,1,0,0,0,0,1,0,0,0,0,0,0,0,0,0,0,0,0,0,0,0,0,0,0,0,0,0,0,0,0,0,0,0,0,1,0,0
537.03,Site Supervisor,3.99,344.22,192.81,15.05,10.6454,0.641,1,2,0,1,0,0,0,0,0,0,0,0,0,0,0,0,0,0,0,1,0,0,0,0,0,0,0,0,0,0,0,0,0,1,0,0,0,0,0,0
1936.12,Quality Inspector,4.47,195.35,1740.77,8.37,10.4631,0.1009,1,0,0,0,0,0,0,1,0,0,0,0,0,0,0,1,0,0,0,0,0,1,0,0,0,0,0,0,0,0,0,0,0,0,0,0,0,0,0,0
241.09,Lead Contractor,2.33,75.23,165.86,7.21,11.0021,0.312,1,3,0,0,0,1,0,0,0,0,0,0,0,0,0,1,0,0,0,0,0,0,0,0,0,1,0,0,0,0,0,0,0,0,0,0,0,0,0,0
1749.38,Sub Contractor,3.57,604.01,1145.37,6.54,10.4631,0.3453,1,5,0,0,0,0,0,1,0,0,0,0,0,0,0,0,0,0,0,1,0,0,0,0,0,0,0,1,0,0,0,0,0,0,0,0,0,0,0,0
2699.4,Sub Contractor,1.89,196.44,2502.96,15.63,10.6454,0.0728,1,1,0,1,0,0,0,0,0,0,0,0,0,0,0,1,0,0,0,0,0,0,0,0,0,0,0,0,0,0,0,0,0,0,0,1,0,0,0,0
1131.1,Quality Inspector,4.03,96.75,1034.35,7.54,10.24,0.0855,0,1,1,0,0,0,0,0,0,0,0,1,0,0,0,0,0,0,0,0,0,0,0,0,0,0,0,0,0,0,1,0,0,0,0,0,0,0,0,0
866.76,Sub Contractor,3.99,309.17,557.59,11.12,11.3504,0.3567,1,5,0,0,0,0,1,0,0,0,0,0,0,0,0,0,0,0,0,1,0,0,0,0,0,0,0,0,0,0,0,0,0,0,0,0,0,1,0,0
1725.04,Sub Contractor,2.46,1378.23,346.81,11.38,11.0021,0.799,1,5,0,0,0,1,0,0,0,0,0,0,0,0,0,0,0,0,1,0,0,0,0,0,0,0,0,0,0,0,0,0,0,1,0,0,0,0,0,0
3937.37,Site Supervisor,4.9,3048.87,888.5,5.37,11.3504,0.7743,1,1,0,0,0,0,1,0,0,0,0,0,1,0,0,0,0,0,0,0,0,0,0,0,0,0,0,0,0,0,0,0,0,0,0,1,0,0,0,0
2218.04,Site Supervisor,1.64,171.15,2046.89,6.71,10.6454,0.0772,1,5,0,1,0,0,0,0,0,0,1,0,0,0,0,0,0,0,0,0,0,0,1,0,0,0,0,0,0,0,0,0,0,0,0,0,0,0,0,0
2723.03,Project Lead,4.9,605.13,2117.9,6.88,10.24,0.2222,0,2,1,0,0,0,0,0,0,0,1,0,0,0,0,0,0,0,0,0,0,0,0,0,0,0,0,0,0,0,0,0,0,0,1,0,0,0,0,0
1591.83,Sub Contractor,2.84,439.75,1152.08,8.88,10.24,0.2763,0,2,1,0,0,0,0,0,0,0,0,0,0,0,0,0,0,0,0,1,0,1,0,0,0,0,0,0,0,0,0,0,0,0,0,0,0,0,0,0
2556.47,Site Supervisor,2.46,2322.86,233.61,8.12,11.0021,0.9086,1,1,0,0,0,1,0,0,0,0,0,0,0,0,0,0,0,0,0,1,0,0,0,0,0,0,0,0,0,0,0,0,0,0,0,0,0,0,1,0
4441.52,Site Supervisor,2.4,505.22,3936.3,12.63,11.3504,0.1137,1,3,0,0,0,0,1,0,0,0,0,0,1,0,0,0,0,0,0,0,1,0,0,0,0,0,0,0,0,0,0,0,0,0,0,0,0,0,0,0
1807.2,Site Supervisor,2.33,881.36,925.84,14.3,11.0021,0.4877,1,1,0,0,0,1,0,0,0,1,0,0,0,0,0,0,0,0,0,0,0,0,0,0,0,0,0,0,0,1,0,0,0,0,0,0,0,0,0,0
1920.44,Project Lead,1.64,601.13,1319.31,15.88,11.3504,0.313,1,5,0,0,0,0,1,0,0,0,0,0,0,0,0,0,0,0,1,0,0,0,0,0,0,0,0,0,0,1,0,0,0,0,0,0,0,0,0,0
24.66,Project Lead,2.84,16.76,7.9,5.04,10.6454,0.6796,1,1,0,1,0,0,0,0,0,0,0,0,0,0,0,0,0,1,0,0,0,1,0,0,0,0,0,0,0,0,0,0,0,0,0,0,0,0,0,0
1671.37,Project Lead,2.33,467.6,1203.77,7.54,11.3504,0.2798,1,3,0,0,0,0,1,0,0,0,0,0,0,0,0,0,0,1,0,0,0,0,0,0,0,0,1,0,0,0,0,0,0,0,0,0,0,0,0,0
2319.07,Lead Contractor,4.47,838.8,1480.27,10.96,11.3504,0.3617,1,5,0,0,0,0,1,0,0,0,0,0,0,0,1,0,0,0,0,0,0,0,0,0,0,0,1,0,0,0,0,0,0,0,0,0,0,0,0,0
4283.13,Lead Contractor,2.33,939.78,3343.35,15.8,10.6454,0.2194,1,0,0,1,0,0,0,0,0,1,0,0,0,0,0,0,0,0,0,0,0,0,0,0,0,0,0,0,1,0,0,0,0,0,0,0,0,0,0,0
3996.18,Project Lead,1.89,860.29,3135.89,10.88,11.2252,0.2153,1,3,0,0,1,0,0,0,0,0,1,0,0,0,0,0,0,0,0,0,0,0,0,0,0,0,0,0,1,0,0,0,0,0,0,0,0,0,0,0
266.18,Sub Contractor,2.46,55.67,210.51,3.54,11.0021,0.2091,1,3,0,0,0,1,0,0,0,0,0,1,0,0,0,0,0,0,0,0,0,0,0,0,0,0,0,0,0,0,0,0,0,0,0,0,0,0,1,0
4736.2,Project Lead,4.03,359.35,4376.85,14.8,11.3504,0.0759,1,5,0,0,0,0,1,0,1,0,0,0,0,0,0,0,0,0,0,0,0,0,0,0,0,0,0,0,0,0,0,0,0,0,0,0,0,1,0,0
1212.89,Sub Contractor,4.03,837.66,375.23,11.38,10.24,0.6906,0,5,1,0,0,0,0,0,0,0,1,0,0,0,0,0,0,0,0,0,0,0,1,0,0,0,0,0,0,0,0,0,0,0,0,0,0,0,0,0
220.36,Project Lead,4.47,14.6,205.76,5.62,10.4631,0.0663,1,5,0,0,0,0,0,1,0,0,0,0,0,0,1,0,0,0,0,0,0,0,0,0,0,0,0,0,0,0,0,0,0,1,0,0,0,0,0,0
1808.1,Quality Inspector,4.03,261.23,1546.87,10.63,11.0021,0.1445,1,1,0,0,0,1,0,0,0,0,0,0,1,0,0,0,0,0,0,0,0,0,0,0,0,0,0,0,0,0,1,0,0,0,0,0,0,0,0,0
800.09,Site Supervisor,1.89,248.49,551.6,7.71,10.24,0.3106,0,1,1,0,0,0,0,0,0,0,0,1,0,0,0,0,0,0,0,0,0,0,0,0,0,0,0,0,0,0,0,1,0,0,0,0,0,0,0,0
2698.06,Quality Inspector,2.46,1941.81,756.25,14.13,11.3504,0.7197,1,3,0,0,0,0,1,0,0,0,0,0,0,0,0,1,0,0,0,0,0,0,0,1,0,0,0,0,0,0,0,0,0,0,0,0,0,0,0,0
2385.22,Site Supervisor,2.84,628.39,1756.83,12.05,11.0021,0.2635,1,0,0,0,0,1,0,0,0,0,0,0,0,0,0,0,0,1,0,0,0,0,0,0,1,0,0,0,0,0,0,0,0,0,0,0,0,0,0,0
2414.91,Lead Contractor,3.46,1012.39,1402.52,7.46,11.0021,0.4192,1,0,0,0,0,1,0,0,0,0,0,0,0,0,0,1,0,0,0,0,0,0,0,0,0,0,0,0,0,1,0,0,0,0,0,0,0,0,0,0
393.47,Project Lead,3.99,210.21,183.26,9.71,10.4631,0.5342,1,1,0,0,0,0,0,1,0,0,0,1,0,0,0,0,0,0,0,0,0,0,0,0,0,0,0,0,0,0,0,0,0,0,0,0,0,0,1,0
4609.87,Site Supervisor,2.46,881.86,3728.01,7.04,11.2252,0.1913,1,4,0,0,1,0,0,0,0,0,0,0,1,0,0,0,0,0,0,0,0,0,0,0,1,0,0,0,0,0,0,0,0,0,0,0,0,0,0,0
604.98,Quality Inspector,4.9,75.72,529.26,7.88,11.0021,0.1252,1,0,0,0,0,1,0,0,0,0,0,1,0,0,0,0,0,0,0,0,0,0,0,0,0,0,0,0,0,0,0,0,0,0,1,0,0,0,0,0
648.21,Lead Contractor,4.03,414.99,233.22,5.45,11.3504,0.6402,1,0,0,0,0,0,1,0,0,0,0,0,0,0,1,0,0,0,0,0,0,0,0,0,0,0,0,1,0,0,0,0,0,0,0,0,0,0,0,0
4808.67,Project Lead,3.57,2323.49,2485.18,12.38,10.24,0.4832,0,5,1,0,0,0,0,0,1,0,0,0,0,0,0,0,0,0,0,0,0,0,0,0,0,1,0,0,0,0,0,0,0,0,0,0,0,0,0,0
9886.22,Quality Inspector,4.03,1359.03,8527.19,10.29,10.6454,0.1375,1,1,0,1,0,0,0,0,0,0,1,0,0,0,0,0,0,0,0,0,0,0,1,0,0,0,0,0,0,0,0,0,0,0,0,0,0,0,0,0
1419.71,Sub Contractor,4.03,1368.59,51.12,11.63,11.3504,0.964,1,1,0,0,0,0,1,0,0,1,0,0,0,0,0,0,0,0,0,0,0,0,0,0,0,0,0,0,0,0,1,0,0,0,0,0,0,0,0,0
2013.75,Quality Inspector,2.33,245.47,1768.28,4.79,10.4631,0.1219,1,0,0,0,0,0,0,1,0,0,0,0,1,0,0,0,0,0,0,0,0,0,0,0,0,0,0,0,0,0,0,0,0,0,0,0,0,1,0,0
170.61,Project Lead,1.64,7.32,163.29,12.96,10.24,0.0429,0,3,1,0,0,0,0,0,0,0,0,0,0,1,0,0,0,0,0,0,0,0,0,0,0,0,0,0,0,0,0,0,0,0,0,1,0,0,0,0
1221.7,Sub Contractor,4.03,470.15,751.55,11.29,10.6454,0.3848,1,4,0,1,0,0,0,0,0,0,0,0,0,0,0,0,1,0,0,0,1,0,0,0,0,0,0,0,0,0,0,0,0,0,0,0,0,0,0,0
8340.46,Lead Contractor,3.99,1070.06,7270.4,7.62,10.24,0.1283,0,0,1,0,0,0,0,0,1,0,0,0,0,0,0,0,0,0,0,0,0,0,0,0,0,0,0,1,0,0,0,0,0,0,0,0,0,0,0,0
5336.66,Lead Contractor,3.57,1901.9,3434.76,11.05,10.4631,0.3564,1,0,0,0,0,0,0,1,0,0,1,0,0,0,0,0,0,0,0,0,0,0,0,0,0,0,0,0,0,0,0,0,0,0,0,0,0,1,0,0
997.34,Project Lead,4.47,746.45,250.89,13.46,10.24,0.7484,0,0,1,0,0,0,0,0,0,0,0,0,0,0,0,1,0,0,0,0,0,0,0,0,0,0,0,0,0,0,0,0,0,0,0,1,0,0,0,0
3348.01,Lead Contractor,4.47,2003.02,1344.99,7.54,11.0021,0.5983,1,4,0,0,0,1,0,0,1,0,0,0,0,0,0,0,0,0,0,0,0,1,0,0,0,0,0,0,0,0,0,0,0,0,0,0,0,0,0,0
1741.35,Project Lead,3.57,1117.96,623.39,8.88,10.4631,0.642,1,5,0,0,0,0,0,1,0,0,0,1,0,0,0,0,0,0,0,0,0,0,0,0,0,0,0,0,0,1,0,0,0,0,0,0,0,0,0,0
5939.42,Lead Contractor,2.46,2608.14,3331.28,2.37,10.6454,0.4391,1,5,0,1,0,0,0,0,0,0,0,0,0,0,0,0,0,0,1,0,0,0,0,0,0,0,0,0,0,0,0,0,0,0,0,0,0,0,0,1
2123.21,Quality Inspector,2.84,1054.45,1068.76,7.46,10.24,0.4966,0,0,1,0,0,0,0,0,0,0,0,0,0,1,0,0,0,0,0,0,0,0,0,1,0,0,0,0,0,0,0,0,0,0,0,0,0,0,0,0
1075.78,Quality Inspector,3.99,237.25,838.53,8.54,10.6454,0.2205,1,5,0,1,0,0,0,0,0,0,0,0,0,1,0,0,0,0,0,0,0,0,0,0,0,0,0,0,0,0,0,0,0,0,0,0,0,1,0,0
7826.16,Project Lead,2.84,2908.16,4918,11.96,10.4631,0.3716,1,5,0,0,0,0,0,1,0,1,0,0,0,0,0,0,0,0,0,0,0,0,0,0,0,0,0,0,0,0,0,0,0,0,0,0,1,0,0,0
2689.37,Site Supervisor,4.47,840.6,1848.77,14.46,11.0021,0.3126,1,3,0,0,0,1,0,0,0,0,0,1,0,0,0,0,0,0,0,0,0,0,0,0,0,0,0,0,0,0,0,0,0,0,0,0,1,0,0,0
1447.66,Sub Contractor,2.4,242.44,1205.22,8.37,11.0021,0.1675,1,2,0,0,0,1,0,0,0,0,0,1,0,0,0,0,0,0,0,0,0,0,0,0,0,0,0,1,0,0,0,0,0,0,0,0,0,0,0,0
2643.88,Project Lead,3.57,1297.8,1346.08,13.21,10.6454,0.4909,1,2,0,1,0,0,0,0,0,0,0,0,0,0,0,0,0,0,1,0,0,1,0,0,0,0,0,0,0,0,0,0,0,0,0,0,0,0,0,0
2806.4,Site Supervisor,2.33,876.13,1930.27,8.04,11.3504,0.3122,1,3,0,0,0,0,1,0,0,0,0,0,0,0,0,0,0,0,0,1,0,0,0,0,0,0,0,0,0,0,0,0,0,1,0,0,0,0,0,0
7517.52,Site Supervisor,3.46,526.74,6990.78,5.45,11.3504,0.0701,1,4,0,0,0,0,1,0,1,0,0,0,0,0,0,0,0,0,0,0,0,0,0,0,0,0,0,0,1,0,0,0,0,0,0,0,0,0,0,0
909.21,Quality Inspector,2.46,899.65,9.56,4.87,10.6454,0.9895,1,0,0,1,0,0,0,0,0,0,0,0,0,1,0,0,0,0,0,0,0,0,0,0,0,0,0,0,0,0,0,0,0,0,0,0,0,0,1,0
594.58,Project Lead,4.47,433.12,161.46,13.54,10.24,0.7284,0,4,1,0,0,0,0,0,0,0,0,0,0,0,0,0,0,1,0,0,0,0,0,0,0,0,0,0,0,0,0,0,0,0,0,1,0,0,0,0
1840.64,Project Lead,4.03,218.49,1622.15,6.37,11.0021,0.1187,1,5,0,0,0,1,0,0,0,0,0,0,0,0,1,0,0,0,0,0,0,0,0,0,0,0,0,0,0,0,0,0,0,0,0,0,0,1,0,0
759.18,Project Lead,4.03,725.51,33.67,13.63,10.6454,0.9556,1,1,0,1,0,0,0,0,0,0,0,0,0,0,0,0,0,0,0,1,0,0,0,0,0,0,0,0,0,0,0,0,1,0,0,0,0,0,0,0
3915.74,Lead Contractor,3.57,740.57,3175.17,7.21,11.2252,0.1891,1,2,0,0,1,0,0,0,1,0,0,0,0,0,0,0,0,0,0,0,0,1,0,0,0,0,0,0,0,0,0,0,0,0,0,0,0,0,0,0
1115.28,Project Lead,2.84,843.78,271.5,3.87,11.2252,0.7566,1,2,0,0,1,0,0,0,0,0,0,0,0,0,0,0,0,0,0,1,0,0,0,0,0,0,0,0,0,0,0,0,0,0,0,1,0,0,0,0
8118.95,Sub Contractor,2.84,925.6,7193.35,4.54,10.24,0.114,0,2,1,0,0,0,0,0,0,0,0,0,0,0,0,0,0,0,1,0,0,0,0,0,0,0,1,0,0,0,0,0,0,0,0,0,0,0,0,0
204.04,Sub Contractor,2.4,39.54,164.5,11.12,11.2252,0.1938,1,0,0,0,1,0,0,0,0,0,0,0,0,0,0,1,0,0,0,0,0,0,0,0,0,0,0,0,0,0,0,0,0,0,0,1,0,0,0,0
291.01,Lead Contractor,2.33,154.32,136.69,5.96,11.3504,0.5303,1,0,0,0,0,0,1,0,0,0,0,0,0,0,0,0,0,1,0,0,0,0,0,0,0,0,0,0,0,0,1,0,0,0,0,0,0,0,0,0
2175.37,Lead Contractor,4.9,1290.15,885.22,7.62,11.3504,0.5931,1,3,0,0,0,0,1,0,0,0,0,0,0,0,0,1,0,0,0,0,0,1,0,0,0,0,0,0,0,0,0,0,0,0,0,0,0,0,0,0
2805.06,Quality Inspector,2.33,2179.69,625.37,5.12,11.0021,0.7771,1,4,0,0,0,1,0,0,0,0,0,0,0,0,1,0,0,0,0,0,1,0,0,0,0,0,0,0,0,0,0,0,0,0,0,0,0,0,0,0
1139.42,Sub Contractor,3.99,985.8,153.62,9.62,11.0021,0.8652,1,5,0,0,0,1,0,0,0,0,0,0,0,0,0,0,0,0,0,1,1,0,0,0,0,0,0,0,0,0,0,0,0,0,0,0,0,0,0,0
2936.6,Project Lead,3.57,1645.64,1290.96,9.54,10.4631,0.5604,1,4,0,0,0,0,0,1,0,0,0,0,0,0,0,0,1,0,0,0,0,0,0,0,0,0,0,0,0,0,0,1,0,0,0,0,0,0,0,0
841.44,Project Lead,2.46,789.67,51.77,12.63,10.6454,0.9385,1,5,0,1,0,0,0,0,0,0,0,0,0,0,0,0,0,1,0,0,0,0,0,0,0,0,0,0,0,0,0,0,0,0,0,0,0,0,0,1
1801.4,Lead Contractor,3.57,470.41,1330.99,15.13,10.6454,0.2611,1,5,0,1,0,0,0,0,0,0,0,0,0,0,1,0,0,0,0,0,0,0,0,0,0,0,0,0,0,0,0,0,0,0,1,0,0,0,0,0
9205.77,Sub Contractor,4.47,7592.36,1613.41,7.88,10.6454,0.8247,1,0,0,1,0,0,0,0,0,1,0,0,0,0,0,0,0,0,0,0,0,0,0,0,0,0,0,0,1,0,0,0,0,0,0,0,0,0,0,0
3354.76,Site Supervisor,2.4,1500.41,1854.35,5.54,10.6454,0.4472,1,4,0,1,0,0,0,0,0,1,0,0,0,0,0,0,0,0,0,0,0,0,0,0,0,1,0,0,0,0,0,0,0,0,0,0,0,0,0,0
1582.9,Site Supervisor,4.03,336.28,1246.62,5.37,11.0021,0.2124,1,5,0,0,0,1,0,0,0,0,0,0,0,0,0,1,0,0,0,0,0,0,0,0,0,0,0,0,1,0,0,0,0,0,0,0,0,0,0,0
2128.58,Project Lead,3.57,1219.21,909.37,2.96,10.6454,0.5728,1,3,0,1,0,0,0,0,0,0,0,0,0,0,0,0,0,1,0,0,0,0,0,0,0,0,0,0,0,0,0,0,0,0,0,0,0,0,1,0
1251.17,Sub Contractor,4.47,273.77,977.4,11.96,10.6454,0.2188,1,3,0,1,0,0,0,0,0,0,0,0,1,0,0,0,0,0,0,0,0,0,0,0,0,0,0,0,0,0,0,0,0,0,0,0,0,0,0,1
1191.45,Sub Contractor,1.89,281.87,909.58,6.46,11.2252,0.2366,1,0,0,0,1,0,0,0,1,0,0,0,0,0,0,0,0,0,0,0,0,0,0,0,0,0,0,0,0,0,0,0,0,0,0,0,0,0,0,1
7595.35,Sub Contractor,2.84,3172.96,4422.39,12.96,11.3504,0.4178,1,3,0,0,0,0,1,0,0,0,1,0,0,0,0,0,0,0,0,0,0,0,0,0,0,1,0,0,0,0,0,0,0,0,0,0,0,0,0,0
5569.68,Quality Inspector,4.9,2867.68,2702,3.87,11.0021,0.5149,1,1,0,0,0,1,0,0,0,1,0,0,0,0,0,0,0,0,0,0,0,0,0,0,1,0,0,0,0,0,0,0,0,0,0,0,0,0,0,0
156.23,Lead Contractor,1.89,146.39,9.84,12.79,11.0021,0.937,1,2,0,0,0,1,0,0,0,0,0,0,0,0,0,0,1,0,0,0,0,0,0,0,0,0,0,0,0,0,0,0,0,0,0,0,0,0,1,0
4108.48,Quality Inspector,2.33,3401.15,707.33,13.96,11.0021,0.8278,1,2,0,0,0,1,0,0,0,0,0,0,0,0,0,0,0,0,1,0,1,0,0,0,0,0,0,0,0,0,0,0,0,0,0,0,0,0,0,0
437.08,Sub Contractor,2.33,419.04,18.04,13.29,10.24,0.9587,0,0,1,0,0,0,0,0,0,0,0,1,0,0,0,0,0,0,0,0,0,0,0,0,0,0,0,0,0,0,0,0,0,0,0,0,0,0,1,0
39.02,Lead Contractor,3.99,1.71,37.31,2.37,11.3504,0.0438,1,2,0,0,0,0,1,0,0,0,0,0,0,0,0,0,0,1,0,0,0,0,0,0,0,0,0,0,1,0,0,0,0,0,0,0,0,0,0,0
2740,Lead Contractor,2.33,1183.52,1556.48,15.46,11.0021,0.4319,1,5,0,0,0,1,0,0,0,0,0,0,0,0,0,0,0,1,0,0,0,0,0,0,0,0,0,0,0,0,1,0,0,0,0,0,0,0,0,0
1516.6,Site Supervisor,3.99,194.04,1322.56,11.54,11.2252,0.1279,1,5,0,0,1,0,0,0,0,0,0,0,0,0,1,0,0,0,0,0,0,0,0,0,0,0,0,0,0,0,0,0,0,0,0,1,0,0,0,0
3867.19,Project Lead,2.46,1042.96,2824.23,6.54,10.6454,0.2697,1,3,0,1,0,0,0,0,0,0,0,0,1,0,0,0,0,0,0,0,0,0,0,0,0,0,0,0,0,0,0,0,0,0,1,0,0,0,0,0
298.63,Project Lead,4.03,13.18,285.45,6.12,11.0021,0.0441,1,3,0,0,0,1,0,0,0,0,0,1,0,0,0,0,0,0,0,0,0,0,0,0,0,0,0,0,0,0,0,0,0,0,1,0,0,0,0,0
5875.64,Lead Contractor,2.4,5315.86,559.78,2.71,10.24,0.9047,0,4,1,0,0,0,0,0,0,0,0,0,1,0,0,0,0,0,0,0,0,0,0,0,0,0,0,1,0,0,0,0,0,0,0,0,0,0,0,0
2699.95,Site Supervisor,3.99,913.87,1786.08,12.21,10.24,0.3385,0,0,1,0,0,0,0,0,0,0,0,1,0,0,0,0,0,0,0,0,0,1,0,0,0,0,0,0,0,0,0,0,0,0,0,0,0,0,0,0
3343.13,Project Lead,2.84,1860.93,1482.2,3.29,10.6454,0.5566,1,0,0,1,0,0,0,0,0,1,0,0,0,0,0,0,0,0,0,0,0,1,0,0,0,0,0,0,0,0,0,0,0,0,0,0,0,0,0,0
180.02,Lead Contractor,2.84,139.89,40.13,5.12,11.2252,0.7771,1,3,0,0,1,0,0,0,0,0,0,0,0,1,0,0,0,0,0,0,0,0,0,0,0,0,0,0,0,0,0,0,0,1,0,0,0,0,0,0
9929.57,Sub Contractor,2.84,4485.52,5444.05,15.38,11.0021,0.4517,1,3,0,0,0,1,0,0,0,0,0,0,0,0,0,0,0,0,1,0,0,0,0,0,0,0,0,0,0,0,0,0,0,0,0,0,0,0,0,1
2398.2,Quality Inspector,2.46,1730.95,667.25,10.12,11.2252,0.7218,1,5,0,0,1,0,0,0,0,0,0,0,0,0,0,0,0,0,0,1,0,1,0,0,0,0,0,0,0,0,0,0,0,0,0,0,0,0,0,0
292.73,Quality Inspector,2.33,34.91,257.82,9.79,11.2252,0.1193,1,1,0,0,1,0,0,0,0,0,0,0,0,0,0,0,0,0,0,1,0,0,0,0,0,0,0,0,0,0,0,0,0,1,0,0,0,0,0,0
98.26,Sub Contractor,2.4,34.2,64.06,7.54,10.4631,0.3481,1,1,0,0,0,0,0,1,0,0,0,0,0,1,0,0,0,0,0,0,0,0,0,0,0,0,0,0,0,0,1,0,0,0,0,0,0,0,0,0
2717.52,Site Supervisor,1.64,539.62,2177.9,9.71,11.0021,0.1986,1,2,0,0,0,1,0,0,0,0,0,0,0,1,0,0,0,0,0,0,0,0,0,0,0,0,0,0,0,1,0,0,0,0,0,0,0,0,0,0
4629.42,Lead Contractor,4.9,4380.24,249.18,9.04,11.0021,0.9462,1,3,0,0,0,1,0,0,1,0,0,0,0,0,0,0,0,0,0,0,0,0,0,0,0,1,0,0,0,0,0,0,0,0,0,0,0,0,0,0
423.76,Sub Contractor,4.03,367.41,56.35,6.96,10.4631,0.867,1,4,0,0,0,0,0,1,0,0,0,1,0,0,0,0,0,0,0,0,0,0,0,0,0,0,0,0,0,0,0,0,0,0,0,0,0,0,1,0
915.3,Project Lead,1.89,884.01,31.29,2.37,10.24,0.9658,0,0,1,0,0,0,0,0,0,0,0,0,0,0,0,1,0,0,0,0,0,0,0,0,0,0,0,0,0,0,0,0,0,0,0,0,0,1,0,0
5970.85,Quality Inspector,4.47,2473.02,3497.83,4.37,11.2252,0.4142,1,2,0,0,1,0,0,0,0,0,1,0,0,0,0,0,0,0,0,0,0,0,0,0,0,1,0,0,0,0,0,0,0,0,0,0,0,0,0,0
2307.5,Site Supervisor,1.89,729.48,1578.02,6.54,10.6454,0.3161,1,4,0,1,0,0,0,0,0,0,0,0,0,0,0,0,1,0,0,0,0,1,0,0,0,0,0,0,0,0,0,0,0,0,0,0,0,0,0,0
922.44,Project Lead,3.99,98.13,824.31,5.62,10.24,0.1064,0,1,1,0,0,0,0,0,0,0,0,1,0,0,0,0,0,0,0,0,0,0,0,0,0,0,0,1,0,0,0,0,0,0,0,0,0,0,0,0
5664.63,Sub Contractor,1.89,5196.72,467.91,9.54,10.4631,0.9174,1,1,0,0,0,0,0,1,0,0,0,0,0,0,0,0,0,0,1,0,0,0,0,0,0,0,0,0,0,0,0,0,0,0,0,0,0,0,1,0
1845.78,Project Lead,3.99,655.23,1190.55,5.79,11.2252,0.355,1,0,0,0,1,0,0,0,0,0,0,0,0,0,0,0,1,0,0,0,0,0,0,0,0,0,0,0,0,0,0,0,0,0,1,0,0,0,0,0
2245.62,Sub Contractor,1.64,889.32,1356.3,14.88,11.3504,0.396,1,0,0,0,0,0,1,0,0,0,0,0,0,1,0,0,0,0,0,0,0,0,0,0,0,0,0,0,0,0,0,0,1,0,0,0,0,0,0,0
93.2,Lead Contractor,4.9,87.86,5.34,8.04,11.2252,0.9427,1,4,0,0,1,0,0,0,0,0,0,0,0,0,0,1,0,0,0,0,0,1,0,0,0,0,0,0,0,0,0,0,0,0,0,0,0,0,0,0
5087.8,Project Lead,2.46,1652.29,3435.51,10.63,11.0021,0.3248,1,3,0,0,0,1,0,0,0,0,0,0,1,0,0,0,0,0,0,0,0,0,0,0,0,0,1,0,0,0,0,0,0,0,0,0,0,0,0,0
2791.17,Site Supervisor,2.84,989.2,1801.97,2.79,11.3504,0.3544,1,5,0,0,0,0,1,0,0,0,0,1,0,0,0,0,0,0,0,0,0,0,0,0,0,0,0,0,0,0,0,0,1,0,0,0,0,0,0,0
1928.63,Sub Contractor,4.03,904.22,1024.41,3.71,10.6454,0.4688,1,3,0,1,0,0,0,0,0,0,0,0,0,1,0,0,0,0,0,0,0,0,0,0,0,0,0,0,0,0,1,0,0,0,0,0,0,0,0,0
2261.93,Sub Contractor,1.64,790.72,1471.21,4.96,11.3504,0.3496,1,4,0,0,0,0,1,0,0,0,0,0,0,1,0,0,0,0,0,0,0,0,0,0,0,0,0,0,0,0,0,0,0,0,0,0,0,0,0,1
1798.97,Lead Contractor,4.03,1530.79,268.18,5.62,11.0021,0.8509,1,0,0,0,0,1,0,0,0,0,0,0,0,0,0,1,0,0,0,0,0,0,0,0,0,0,0,0,0,0,0,0,1,0,0,0,0,0,0,0
1305.14,Site Supervisor,4.47,276.22,1028.92,4.87,11.2252,0.2116,1,2,0,0,1,0,0,0,0,0,0,0,0,0,0,0,0,0,1,0,0,0,0,0,0,0,0,0,0,0,0,1,0,0,0,0,0,0,0,0
1163.46,Sub Contractor,2.33,765.18,398.28,9.71,10.4631,0.6577,1,2,0,0,0,0,0,1,0,0,0,1,0,0,0,0,0,0,0,0,0,0,0,0,0,0,0,0,0,0,0,0,0,1,0,0,0,0,0,0
3488.51,Quality Inspector,1.64,1753.49,1735.02,8.88,10.6454,0.5026,1,3,0,1,0,0,0,0,0,0,0,0,1,0,0,0,0,0,0,0,0,0,0,0,1,0,0,0,0,0,0,0,0,0,0,0,0,0,0,0
7004.62,Project Lead,1.89,803.97,6200.65,7.37,10.4631,0.1148,1,3,0,0,0,0,0,1,0,1,0,0,0,0,0,0,0,0,0,0,0,0,0,0,0,0,0,0,0,0,0,0,0,0,0,0,0,0,0,1
880.24,Project Lead,1.64,126.97,753.27,15.88,11.0021,0.1442,1,3,0,0,0,1,0,0,0,0,0,0,0,0,1,0,0,0,0,0,0,0,0,0,0,0,0,0,0,0,0,0,0,0,1,0,0,0,0,0
2284.81,Project Lead,2.4,1910.14,374.67,2.79,10.4631,0.836,1,3,0,0,0,0,0,1,0,0,0,0,0,0,0,0,1,0,0,0,0,0,0,0,0,0,0,0,0,0,0,0,0,0,0,0,1,0,0,0
8258.92,Site Supervisor,2.46,6167.73,2091.19,8.88,11.3504,0.7468,1,3,0,0,0,0,1,0,0,1,0,0,0,0,0,0,0,0,0,0,0,0,0,0,0,1,0,0,0,0,0,0,0,0,0,0,0,0,0,0
1856.13,Lead Contractor,2.84,1018.37,837.76,6.37,11.2252,0.5487,1,2,0,0,1,0,0,0,0,0,0,1,0,0,0,0,0,0,0,0,0,0,0,0,0,0,1,0,0,0,0,0,0,0,0,0,0,0,0,0
5940.99,Lead Contractor,3.99,4508.27,1432.72,10.29,10.6454,0.7588,1,0,0,1,0,0,0,0,0,0,0,0,0,0,0,0,0,0,1,0,0,0,0,0,1,0,0,0,0,0,0,0,0,0,0,0,0,0,0,0
2600.91,Quality Inspector,3.46,2002.24,598.67,2.37,11.0021,0.7698,1,2,0,0,0,1,0,0,0,0,0,0,0,1,0,0,0,0,0,0,0,0,0,0,0,0,0,0,1,0,0,0,0,0,0,0,0,0,0,0
1138.01,Lead Contractor,3.99,863.25,274.76,13.46,10.24,0.7586,0,4,1,0,0,0,0,0,0,0,0,0,0,0,0,0,0,0,0,1,0,0,0,0,0,0,0,0,0,0,0,0,0,0,0,0,0,0,0,1
2198.18,Quality Inspector,3.99,1764.76,433.42,8.79,10.24,0.8028,0,3,1,0,0,0,0,0,0,0,0,1,0,0,0,0,0,0,0,0,0,0,0,0,0,0,1,0,0,0,0,0,0,0,0,0,0,0,0,0
982.14,Sub Contractor,4.47,842.27,139.87,2.96,10.24,0.8576,0,1,1,0,0,0,0,0,0,0,0,0,0,1,0,0,0,0,0,0,0,0,0,1,0,0,0,0,0,0,0,0,0,0,0,0,0,0,0,0
654.67,Lead Contractor,2.33,293.18,361.49,14.38,11.3504,0.4478,1,2,0,0,0,0,1,0,0,0,1,0,0,0,0,0,0,0,0,0,0,0,0,0,0,0,0,0,1,0,0,0,0,0,0,0,0,0,0,0
298.15,Quality Inspector,4.9,197.14,101.01,12.05,11.2252,0.6612,1,1,0,0,1,0,0,0,0,0,0,1,0,0,0,0,0,0,0,0,0,0,0,0,0,0,0,0,0,0,0,0,0,1,0,0,0,0,0,0
1299.11,Lead Contractor,1.89,143.18,1155.93,11.29,11.2252,0.1102,1,4,0,0,1,0,0,0,0,0,0,0,0,0,1,0,0,0,0,0,0,0,0,0,0,0,0,0,0,0,0,0,0,0,0,0,0,0,0,1
7108.17,Site Supervisor,4.03,1819.22,5288.95,5.62,10.4631,0.2559,1,4,0,0,0,0,0,1,0,0,0,0,0,0,0,0,0,0,1,0,0,0,0,0,0,0,0,0,0,0,0,0,0,0,1,0,0,0,0,0
1160.51,Site Supervisor,3.99,671.44,489.07,10.79,11.3504,0.5786,1,2,0,0,0,0,1,0,0,0,0,0,0,0,0,0,1,0,0,0,0,0,0,0,0,0,0,0,0,0,0,0,1,0,0,0,0,0,0,0
7608.55,Project Lead,1.64,902.78,6705.77,10.29,10.24,0.1187,0,3,1,0,0,0,0,0,0,0,0,0,0,0,0,0,0,0,1,0,0,0,0,0,0,0,0,0,0,0,0,1,0,0,0,0,0,0,0,0
2890.48,Quality Inspector,3.46,793.38,2097.1,6.29,11.3504,0.2745,1,1,0,0,0,0,1,0,0,0,0,0,0,0,0,0,1,0,0,0,0,0,0,0,0,0,0,0,0,0,0,0,0,1,0,0,0,0,0,0
8554.97,Sub Contractor,4.9,1856.8,6698.17,6.88,11.2252,0.217,1,5,0,0,1,0,0,0,0,0,0,0,0,0,0,0,0,0,1,0,0,0,1,0,0,0,0,0,0,0,0,0,0,0,0,0,0,0,0,0
355.98,Lead Contractor,3.99,348.32,7.66,15.96,11.2252,0.9785,1,3,0,0,1,0,0,0,0,0,0,0,0,1,0,0,0,0,0,0,0,0,0,0,0,1,0,0,0,0,0,0,0,0,0,0,0,0,0,0
1529.7,Project Lead,1.89,647.37,882.33,13.21,11.0021,0.4232,1,5,0,0,0,1,0,0,0,0,0,0,0,0,0,0,1,0,0,0,0,0,0,0,0,0,0,0,0,1,0,0,0,0,0,0,0,0,0,0
943.52,Site Supervisor,2.84,388.78,554.74,7.04,10.4631,0.4121,1,0,0,0,0,0,0,1,0,0,0,0,0,0,0,0,0,0,0,1,0,0,0,0,1,0,0,0,0,0,0,0,0,0,0,0,0,0,0,0
192.56,Project Lead,4.03,16.97,175.59,4.71,11.0021,0.0881,1,4,0,0,0,1,0,0,0,0,0,0,0,0,0,0,0,0,0,1,0,0,0,0,0,0,0,1,0,0,0,0,0,0,0,0,0,0,0,0
53.82,Sub Contractor,4.47,39.32,14.5,15.3,11.3504,0.7306,1,3,0,0,0,0,1,0,0,0,0,0,0,0,0,0,0,0,0,1,0,0,0,0,0,0,0,0,0,0,0,1,0,0,0,0,0,0,0,0
7828.59,Project Lead,4.47,756.53,7072.06,4.87,10.6454,0.0966,1,4,0,1,0,0,0,0,0,0,0,0,1,0,0,0,0,0,0,0,0,0,0,0,0,0,1,0,0,0,0,0,0,0,0,0,0,0,0,0
1093.17,Quality Inspector,1.64,854.05,239.12,14.63,11.2252,0.7813,1,3,0,0,1,0,0,0,0,0,0,1,0,0,0,0,0,0,0,0,0,1,0,0,0,0,0,0,0,0,0,0,0,0,0,0,0,0,0,0
8657.55,Project Lead,2.84,7991.08,666.47,4.54,10.6454,0.923,1,4,0,1,0,0,0,0,0,0,0,0,0,0,0,0,0,0,1,0,0,0,0,0,0,0,0,0,0,0,0,0,1,0,0,0,0,0,0,0
2632.9,Quality Inspector,4.03,290.04,2342.86,3.29,10.4631,0.1102,1,2,0,0,0,0,0,1,0,0,0,0,1,0,0,0,0,0,0,0,0,0,0,0,0,0,0,0,1,0,0,0,0,0,0,0,0,0,0,0
8141.21,Project Lead,4.03,6361.98,1779.23,6.21,10.4631,0.7815,1,4,0,0,0,0,0,1,0,0,1,0,0,0,0,0,0,0,0,0,0,0,0,0,0,0,0,0,0,0,0,0,1,0,0,0,0,0,0,0
2406.38,Sub Contractor,4.9,939.41,1466.97,7.62,11.3504,0.3904,1,0,0,0,0,0,1,0,1,0,0,0,0,0,0,0,0,0,0,0,0,0,0,0,0,0,0,0,0,0,0,0,0,0,0,0,0,1,0,0
2798.54,Quality Inspector,2.84,1970.7,827.84,7.96,11.2252,0.7042,1,4,0,0,1,0,0,0,0,0,0,0,0,0,0,1,0,0,0,0,0,0,0,1,0,0,0,0,0,0,0,0,0,0,0,0,0,0,0,0
2219.49,Sub Contractor,2.46,976.85,1242.64,3.37,11.3504,0.4401,1,1,0,0,0,0,1,0,0,0,0,0,0,0,1,0,0,0,0,0,0,0,0,0,0,0,0,0,0,0,0,0,0,0,0,0,0,1,0,0
709.79,Quality Inspector,4.03,537.11,172.68,12.12,11.2252,0.7567,1,0,0,0,1,0,0,0,0,0,0,0,0,0,1,0,0,0,0,0,0,0,0,0,0,0,0,0,0,0,0,0,0,1,0,0,0,0,0,0
6123.01,Site Supervisor,4.03,1756.42,4366.59,13.38,10.4631,0.2869,1,4,0,0,0,0,0,1,0,0,0,0,0,0,0,0,0,0,1,0,0,0,0,0,0,0,0,0,0,0,0,0,1,0,0,0,0,0,0,0
4801.2,Site Supervisor,2.46,2877.09,1924.11,2.29,11.2252,0.5992,1,2,0,0,1,0,0,0,0,0,1,0,0,0,0,0,0,0,0,0,0,0,0,0,0,0,0,0,0,0,0,0,0,0,0,0,0,0,0,1
1647,Quality Inspector,2.84,1412.54,234.46,8.62,10.6454,0.8576,1,1,0,1,0,0,0,0,0,0,0,0,1,0,0,0,0,0,0,0,0,0,0,0,0,0,0,0,0,0,0,0,1,0,0,0,0,0,0,0
660.76,Site Supervisor,3.46,275.79,384.97,11.29,11.2252,0.4174,1,1,0,0,1,0,0,0,0,0,0,0,0,0,0,0,1,0,0,0,0,0,0,0,0,0,0,0,0,0,0,1,0,0,0,0,0,0,0,0
1225.09,Sub Contractor,2.4,589.11,635.98,3.04,11.0021,0.4809,1,3,0,0,0,1,0,0,0,0,0,0,0,0,1,0,0,0,0,0,0,0,0,0,0,1,0,0,0,0,0,0,0,0,0,0,0,0,0,0
8324.9,Lead Contractor,3.99,2370.61,5954.29,15.96,11.3504,0.2848,1,1,0,0,0,0,1,0,0,0,0,0,1,0,0,0,0,0,0,0,0,0,0,0,0,0,0,0,0,0,0,0,1,0,0,0,0,0,0,0
403.8,Project Lead,2.46,374.24,29.56,12.38,11.3504,0.9268,1,1,0,0,0,0,1,0,0,0,0,0,0,0,0,0,1,0,0,0,0,0,0,0,0,0,0,0,0,1,0,0,0,0,0,0,0,0,0,0
1074.75,Project Lead,4.9,73.55,1001.2,15.72,10.24,0.0684,0,2,1,0,0,0,0,0,0,0,0,0,0,1,0,0,0,0,0,0,0,0,0,0,0,0,0,0,0,0,0,0,0,0,0,0,0,0,0,1
8886.4,Quality Inspector,3.57,3906.12,4980.28,5.87,10.6454,0.4396,1,3,0,1,0,0,0,0,0,0,0,0,0,0,0,0,0,0,1,0,0,0,1,0,0,0,0,0,0,0,0,0,0,0,0,0,0,0,0,0
2350.11,Project Lead,2.33,1365.07,985.04,5.54,10.6454,0.5809,1,1,0,1,0,0,0,0,0,0,0,0,0,0,0,0,0,0,0,1,0,0,0,0,0,0,0,0,0,0,0,0,0,0,0,1,0,0,0,0
2580.69,Project Lead,3.57,2000.04,580.65,14.21,11.0021,0.775,1,1,0,0,0,1,0,0,0,0,1,0,0,0,0,0,0,0,0,0,0,0,0,0,0,0,0,0,0,0,0,0,0,0,0,0,0,0,0,1
5570.05,Site Supervisor,3.57,5476.87,93.18,12.38,11.3504,0.9833,1,5,0,0,0,0,1,0,0,1,0,0,0,0,0,0,0,0,0,0,0,0,0,0,0,0,0,0,0,0,0,1,0,0,0,0,0,0,0,0
2743.66,Quality Inspector,1.89,1588.25,1155.41,13.96,10.6454,0.5789,1,4,0,1,0,0,0,0,0,0,0,0,0,1,0,0,0,0,0,0,0,0,0,0,0,0,1,0,0,0,0,0,0,0,0,0,0,0,0,0
2156.47,Site Supervisor,3.57,1984.21,172.26,6.96,11.0021,0.9201,1,1,0,0,0,1,0,0,0,0,0,0,0,0,0,1,0,0,0,0,0,0,0,0,0,0,0,0,0,1,0,0,0,0,0,0,0,0,0,0
1766.33,Site Supervisor,4.9,1310.12,456.21,14.8,11.0021,0.7417,1,1,0,0,0,1,0,0,0,0,0,0,0,0,0,0,1,0,0,0,0,0,0,0,0,0,0,0,0,0,0,0,0,0,0,1,0,0,0,0
2086.81,Sub Contractor,4.47,835.02,1251.79,11.05,11.2252,0.4001,1,0,0,0,1,0,0,0,0,0,0,0,0,1,0,0,0,0,0,0,0,0,0,0,0,0,0,0,0,0,0,0,0,0,0,0,0,0,1,0
1836.11,Quality Inspector,2.46,361.73,1474.38,12.38,10.4631,0.197,1,5,0,0,0,0,0,1,0,0,0,0,0,0,0,0,0,0,1,0,0,0,0,0,0,0,0,0,0,0,0,0,0,0,0,0,0,1,0,0
2085.66,Lead Contractor,4.9,169.9,1915.76,15.88,10.24,0.0815,0,1,1,0,0,0,0,0,0,0,0,0,0,0,0,0,1,0,0,0,0,0,0,0,0,0,0,0,0,0,0,0,0,0,0,0,0,1,0,0
1647.15,Sub Contractor,2.33,1149.89,497.26,9.62,10.6454,0.6981,1,4,0,1,0,0,0,0,0,0,0,0,0,0,0,1,0,0,0,0,1,0,0,0,0,0,0,0,0,0,0,0,0,0,0,0,0,0,0,0
3527.81,Site Supervisor,2.46,671.25,2856.56,4.2,11.3504,0.1903,1,4,0,0,0,0,1,0,0,0,0,0,1,0,0,0,0,0,0,0,0,0,0,0,0,0,0,0,0,0,1,0,0,0,0,0,0,0,0,0
2119.42,Sub Contractor,3.99,395.49,1723.93,10.46,11.3504,0.1866,1,3,0,0,0,0,1,0,0,0,0,0,0,0,0,0,1,0,0,0,0,0,0,0,1,0,0,0,0,0,0,0,0,0,0,0,0,0,0,0
4562.26,Sub Contractor,3.99,586.67,3975.59,14.21,10.24,0.1286,0,1,1,0,0,0,0,0,0,0,0,0,0,0,0,0,0,0,1,0,0,0,0,0,1,0,0,0,0,0,0,0,0,0,0,0,0,0,0,0
1597.33,Quality Inspector,2.33,894.64,702.69,12.12,11.2252,0.5601,1,3,0,0,1,0,0,0,0,1,0,0,0,0,0,0,0,0,0,0,0,0,0,0,0,0,0,0,0,0,0,1,0,0,0,0,0,0,0,0
3001.31,Quality Inspector,4.9,542.76,2458.55,11.05,10.24,0.1808,0,3,1,0,0,0,0,0,0,0,0,0,1,0,0,0,0,0,0,0,0,0,0,0,0,0,1,0,0,0,0,0,0,0,0,0,0,0,0,0
2912.7,Lead Contractor,2.84,2402.28,510.42,5.79,11.3504,0.8248,1,0,0,0,0,0,1,0,0,0,0,1,0,0,0,0,0,0,0,0,0,0,0,0,0,0,0,0,0,0,0,0,1,0,0,0,0,0,0,0
1439.26,Lead Contractor,4.03,1301,138.26,2.62,11.2252,0.9039,1,4,0,0,1,0,0,0,0,0,0,0,0,1,0,0,0,0,0,0,0,0,0,0,1,0,0,0,0,0,0,0,0,0,0,0,0,0,0,0
9851.5,Lead Contractor,2.84,9740.08,111.42,14.63,10.6454,0.9887,1,2,0,1,0,0,0,0,0,0,0,0,0,0,0,0,0,0,1,0,0,0,1,0,0,0,0,0,0,0,0,0,0,0,0,0,0,0,0,0
2734.2,Sub Contractor,2.46,956.18,1778.02,13.46,11.2252,0.3497,1,4,0,0,1,0,0,0,0,0,0,0,0,1,0,0,0,0,0,0,0,0,0,1,0,0,0,0,0,0,0,0,0,0,0,0,0,0,0,0
6081.97,Site Supervisor,2.46,3663.51,2418.46,3.2,10.24,0.6024,0,3,1,0,0,0,0,0,1,0,0,0,0,0,0,0,0,0,0,0,0,0,0,0,0,0,0,0,0,0,0,0,0,0,0,1,0,0,0,0
2642.8,Project Lead,4.9,1298.91,1343.89,4.12,10.4631,0.4915,1,3,0,0,0,0,0,1,0,0,0,0,0,0,0,0,1,0,0,0,0,0,0,0,0,0,0,0,0,0,0,0,1,0,0,0,0,0,0,0
868.43,Lead Contractor,1.89,802.09,66.34,13.46,10.24,0.9236,0,1,1,0,0,0,0,0,0,0,0,0,1,0,0,0,0,0,0,0,0,0,0,0,0,0,0,0,0,0,0,0,0,0,0,0,1,0,0,0
8507.04,Site Supervisor,3.99,8295.4,211.64,2.87,11.0021,0.9751,1,5,0,0,0,1,0,0,0,0,1,0,0,0,0,0,0,0,0,0,0,0,0,0,0,0,0,0,0,1,0,0,0,0,0,0,0,0,0,0
580.05,Project Lead,4.03,505.71,74.34,4.71,11.0021,0.8718,1,2,0,0,0,1,0,0,0,0,0,0,0,0,0,1,0,0,0,0,0,0,0,0,0,0,0,0,0,0,0,0,0,0,0,0,0,1,0,0
424.24,Site Supervisor,1.64,355.84,68.4,14.88,10.6454,0.8388,1,0,0,1,0,0,0,0,0,0,0,0,0,0,1,0,0,0,0,0,0,0,0,0,0,0,0,0,0,0,0,0,0,0,0,1,0,0,0,0
836.45,Lead Contractor,2.4,224.56,611.89,9.21,11.3504,0.2685,1,3,0,0,0,0,1,0,0,0,0,0,0,0,1,0,0,0,0,0,0,0,0,0,0,0,0,0,0,0,0,0,0,0,1,0,0,0,0,0
1045.86,Lead Contractor,1.89,426.75,619.11,13.63,10.24,0.408,0,1,1,0,0,0,0,0,0,0,0,0,0,0,0,1,0,0,0,0,0,0,1,0,0,0,0,0,0,0,0,0,0,0,0,0,0,0,0,0
3056.29,Lead Contractor,2.4,497.21,2559.08,2.96,10.6454,0.1627,1,3,0,1,0,0,0,0,0,0,0,0,1,0,0,0,0,0,0,0,0,1,0,0,0,0,0,0,0,0,0,0,0,0,0,0,0,0,0,0
7271.03,Project Lead,3.99,6229.68,1041.35,12.88,11.3504,0.8568,1,5,0,0,0,0,1,0,0,0,0,0,1,0,0,0,0,0,0,0,0,0,1,0,0,0,0,0,0,0,0,0,0,0,0,0,0,0,0,0
1203.51,Quality Inspector,3.57,731.72,471.79,8.88,10.6454,0.608,1,4,0,1,0,0,0,0,0,0,0,0,0,0,0,1,0,0,0,0,0,0,0,0,0,0,0,0,0,0,0,0,0,0,0,0,1,0,0,0
9889.43,Quality Inspector,4.47,7132.31,2757.12,14.63,11.2252,0.7212,1,5,0,0,1,0,0,0,1,0,0,0,0,0,0,0,0,0,0,0,0,0,0,0,0,1,0,0,0,0,0,0,0,0,0,0,0,0,0,0
2420.18,Quality Inspector,4.03,1769.24,650.94,13.54,10.6454,0.731,1,0,0,1,0,0,0,0,0,0,0,0,0,0,0,0,0,0,0,1,0,0,0,0,0,1,0,0,0,0,0,0,0,0,0,0,0,0,0,0
2215.46,Site Supervisor,1.89,1602.67,612.79,11.71,11.0021,0.7234,1,0,0,0,0,1,0,0,0,0,0,0,0,0,0,0,0,0,0,1,0,0,0,0,0,0,0,0,0,0,0,0,0,0,0,0,0,0,1,0
1531.8,Sub Contractor,3.99,197.89,1333.91,3.62,11.2252,0.1292,1,2,0,0,1,0,0,0,0,0,0,0,0,0,0,0,0,0,0,1,0,0,0,0,1,0,0,0,0,0,0,0,0,0,0,0,0,0,0,0
9495.77,Site Supervisor,3.99,7151.86,2343.91,3.54,11.2252,0.7532,1,1,0,0,1,0,0,0,0,0,0,0,1,0,0,0,0,0,0,0,0,0,0,0,0,0,0,0,0,0,0,0,0,0,0,0,1,0,0,0
8586.53,Sub Contractor,3.57,5443.27,3143.26,10.88,11.0021,0.6339,1,3,0,0,0,1,0,0,1,0,0,0,0,0,0,0,0,0,0,0,1,0,0,0,0,0,0,0,0,0,0,0,0,0,0,0,0,0,0,0
909.1,Site Supervisor,3.46,897.86,11.24,14.38,10.4631,0.9876,1,4,0,0,0,0,0,1,0,0,0,0,0,0,0,1,0,0,0,0,0,0,0,1,0,0,0,0,0,0,0,0,0,0,0,0,0,0,0,0
260.82,Quality Inspector,3.99,10.32,250.5,2.29,11.0021,0.0396,1,1,0,0,0,1,0,0,0,0,0,0,0,0,0,1,0,0,0,0,0,0,0,0,0,0,0,0,0,0,0,0,0,1,0,0,0,0,0,0
7753.91,Project Lead,3.46,3289.79,4464.12,7.04,10.6454,0.4243,1,4,0,1,0,0,0,0,1,0,0,0,0,0,0,0,0,0,0,0,0,0,0,1,0,0,0,0,0,0,0,0,0,0,0,0,0,0,0,0
1131.84,Sub Contractor,4.47,778.78,353.06,15.55,11.3504,0.6881,1,4,0,0,0,0,1,0,0,0,0,0,0,0,0,1,0,0,0,0,0,0,0,0,0,0,0,0,0,0,0,0,0,0,0,0,0,0,0,1
326.07,Site Supervisor,1.64,25.8,300.27,4.79,10.6454,0.0791,1,0,0,1,0,0,0,0,0,0,0,0,0,0,0,0,0,0,0,1,0,0,0,0,0,0,0,0,0,0,0,0,0,0,1,0,0,0,0,0
8935.75,Project Lead,4.47,1937.55,6998.2,7.46,11.2252,0.2168,1,2,0,0,1,0,0,0,1,0,0,0,0,0,0,0,0,0,0,0,0,0,0,0,0,0,0,0,0,0,1,0,0,0,0,0,0,0,0,0
2207.55,Lead Contractor,2.4,1463.1,744.45,12.29,10.6454,0.6628,1,0,0,1,0,0,0,0,0,0,0,0,0,1,0,0,0,0,0,0,0,0,0,0,0,0,0,0,0,1,0,0,0,0,0,0,0,0,0,0
2111.57,Lead Contractor,1.89,1422.16,689.41,10.12,10.24,0.6735,0,2,1,0,0,0,0,0,0,0,0,0,0,0,0,0,1,0,0,0,1,0,0,0,0,0,0,0,0,0,0,0,0,0,0,0,0,0,0,0
2495.35,Sub Contractor,2.4,361.88,2133.47,6.46,11.0021,0.145,1,4,0,0,0,1,0,0,0,0,0,0,0,0,0,0,0,0,0,1,0,0,0,0,0,0,0,0,0,0,0,0,0,0,0,1,0,0,0,0
2919.9,Quality Inspector,1.89,1646.69,1273.21,6.96,10.6454,0.564,1,1,0,1,0,0,0,0,0,0,0,0,0,0,0,0,1,0,0,0,0,0,0,0,0,0,0,0,0,0,0,0,0,0,0,0,0,0,1,0
1345.53,Project Lead,1.64,164.06,1181.47,13.21,11.0021,0.1219,1,4,0,0,0,1,0,0,0,1,0,0,0,0,0,0,0,0,0,0,0,0,0,0,0,0,0,0,0,0,0,0,0,0,0,0,0,0,1,0
1381.12,Lead Contractor,4.9,281.18,1099.94,5.12,11.2252,0.2036,1,1,0,0,1,0,0,0,0,0,0,0,0,0,0,0,0,1,0,0,0,0,0,0,0,0,0,1,0,0,0,0,0,0,0,0,0,0,0,0
2220.85,Site Supervisor,3.57,443.16,1777.69,3.37,11.0021,0.1995,1,4,0,0,0,1,0,0,0,0,0,0,0,0,1,0,0,0,0,0,0,0,0,0,0,1,0,0,0,0,0,0,0,0,0,0,0,0,0,0
8242.16,Project Lead,2.46,2450.55,5791.61,11.29,10.4631,0.2973,1,2,0,0,0,0,0,1,0,0,1,0,0,0,0,0,0,0,0,0,0,0,0,0,0,0,0,0,0,0,1,0,0,0,0,0,0,0,0,0
2094.59,Project Lead,3.46,1048.93,1045.66,6.04,10.24,0.5008,0,4,1,0,0,0,0,0,0,0,0,0,0,1,0,0,0,0,0,0,0,0,0,0,0,0,0,0,0,0,0,0,0,0,0,0,0,0,1,0
773.75,Site Supervisor,1.89,391.55,382.2,6.71,10.6454,0.506,1,5,0,1,0,0,0,0,0,0,0,0,0,0,0,0,0,0,1,0,0,0,0,0,0,0,0,0,0,0,1,0,0,0,0,0,0,0,0,0
2119.61,Sub Contractor,2.4,532.33,1587.28,14.88,11.3504,0.2511,1,5,0,0,0,0,1,0,0,0,0,0,0,1,0,0,0,0,0,0,0,0,0,0,0,0,0,0,0,0,1,0,0,0,0,0,0,0,0,0
1309.89,Quality Inspector,2.84,856.61,453.28,7.29,10.4631,0.654,1,5,0,0,0,0,0,1,0,0,0,0,0,0,0,0,0,0,0,1,0,0,0,0,0,0,0,0,0,0,0,0,0,0,0,0,0,1,0,0
5302.89,Site Supervisor,2.33,2701.51,2601.38,16.21,10.4631,0.5094,1,3,0,0,0,0,0,1,0,0,0,0,1,0,0,0,0,0,0,0,0,0,0,0,1,0,0,0,0,0,0,0,0,0,0,0,0,0,0,0
6611.51,Project Lead,2.84,3887.43,2724.08,15.55,11.0021,0.588,1,3,0,0,0,1,0,0,0,1,0,0,0,0,0,0,0,0,0,0,0,0,0,0,0,0,0,0,0,0,0,0,0,0,0,0,0,1,0,0
636.42,Quality Inspector,2.33,523.78,112.64,5.87,10.4631,0.823,1,5,0,0,0,0,0,1,0,0,0,0,0,0,0,0,1,0,0,0,0,0,1,0,0,0,0,0,0,0,0,0,0,0,0,0,0,0,0,0
9020.33,Project Lead,3.46,5632.94,3387.39,7.79,10.4631,0.6245,1,3,0,0,0,0,0,1,0,0,1,0,0,0,0,0,0,0,0,0,0,0,0,0,0,1,0,0,0,0,0,0,0,0,0,0,0,0,0,0
7309.49,Sub Contractor,4.03,6545.96,763.53,12.63,10.24,0.8955,0,4,1,0,0,0,0,0,0,1,0,0,0,0,0,0,0,0,0,0,0,0,0,0,0,0,0,0,0,0,0,0,1,0,0,0,0,0,0,0
2213.92,Sub Contractor,4.03,1163.51,1050.41,13.63,10.4631,0.5255,1,0,0,0,0,0,0,1,0,0,0,0,0,0,0,1,0,0,0,0,0,1,0,0,0,0,0,0,0,0,0,0,0,0,0,0,0,0,0,0
6746.46,Project Lead,4.47,4200.88,2545.58,5.04,10.6454,0.6227,1,0,0,1,0,0,0,0,0,0,0,0,1,0,0,0,0,0,0,0,0,1,0,0,0,0,0,0,0,0,0,0,0,0,0,0,0,0,0,0
2418.29,Sub Contractor,4.03,1721.68,696.61,9.79,11.0021,0.7119,1,2,0,0,0,1,0,0,0,0,0,1,0,0,0,0,0,0,0,0,0,0,0,0,0,0,0,0,0,0,0,0,0,0,1,0,0,0,0,0
7286.65,Site Supervisor,4.47,4826.19,2460.46,12.96,11.2252,0.6623,1,5,0,0,1,0,0,0,0,0,1,0,0,0,0,0,0,0,0,0,0,0,0,0,1,0,0,0,0,0,0,0,0,0,0,0,0,0,0,0
1596.35,Sub Contractor,2.4,1083.61,512.74,4.37,10.4631,0.6788,1,1,0,0,0,0,0,1,0,0,0,0,1,0,0,0,0,0,0,0,0,0,0,0,0,0,0,0,0,0,0,0,0,0,0,1,0,0,0,0
337.28,Lead Contractor,3.46,255.97,81.31,2.71,11.0021,0.7589,1,3,0,0,0,1,0,0,0,0,0,0,0,1,0,0,0,0,0,0,0,0,0,0,1,0,0,0,0,0,0,0,0,0,0,0,0,0,0,0
2438.01,Project Lead,3.57,2127.54,310.47,12.05,11.2252,0.8727,1,0,0,0,1,0,0,0,0,0,0,0,1,0,0,0,0,0,0,0,0,0,0,0,0,1,0,0,0,0,0,0,0,0,0,0,0,0,0,0
1542.55,Lead Contractor,4.9,630.89,911.66,4.37,10.6454,0.409,1,5,0,1,0,0,0,0,0,0,0,1,0,0,0,0,0,0,0,0,0,0,0,0,1,0,0,0,0,0,0,0,0,0,0,0,0,0,0,0
1869.27,Quality Inspector,2.84,1051.43,817.84,16.21,10.4631,0.5625,1,3,0,0,0,0,0,1,0,0,0,0,0,0,0,0,0,0,0,1,0,0,0,0,0,0,0,0,0,0,0,0,0,0,0,0,0,1,0,0
9842.81,Sub Contractor,3.46,730.45,9112.36,12.88,11.2252,0.0742,1,4,0,0,1,0,0,0,0,0,0,0,0,0,0,0,0,0,1,0,0,0,0,1,0,0,0,0,0,0,0,0,0,0,0,0,0,0,0,0
5160.23,Lead Contractor,2.4,1763.43,3396.8,3.37,11.3504,0.3417,1,0,0,0,0,0,1,0,0,0,1,0,0,0,0,0,0,0,0,0,0,0,1,0,0,0,0,0,0,0,0,0,0,0,0,0,0,0,0,0
5659.26,Site Supervisor,2.46,3820.67,1838.59,14.55,10.4631,0.6751,1,3,0,0,0,0,0,1,0,1,0,0,0,0,0,0,0,0,0,0,0,0,0,0,0,0,0,0,0,0,0,1,0,0,0,0,0,0,0,0
8325.04,Quality Inspector,3.57,7557.8,767.24,12.46,11.0021,0.9078,1,5,0,0,0,1,0,0,0,0,1,0,0,0,0,0,0,0,0,0,0,0,0,0,0,0,1,0,0,0,0,0,0,0,0,0,0,0,0,0
9201.36,Sub Contractor,4.03,541.42,8659.94,15.38,10.6454,0.0588,1,4,0,1,0,0,0,0,0,0,0,0,0,0,0,0,0,0,1,0,0,0,1,0,0,0,0,0,0,0,0,0,0,0,0,0,0,0,0,0
150.68,Sub Contractor,2.84,19.23,131.45,3.54,10.4631,0.1276,1,5,0,0,0,0,0,1,0,0,0,0,0,0,0,0,0,1,0,0,0,0,0,0,0,0,1,0,0,0,0,0,0,0,0,0,0,0,0,0
1895.95,Lead Contractor,3.99,1582.63,313.32,6.12,11.3504,0.8347,1,2,0,0,0,0,1,0,0,0,0,0,0,0,0,0,0,1,0,0,0,0,0,0,1,0,0,0,0,0,0,0,0,0,0,0,0,0,0,0
90.78,Lead Contractor,4.47,18.77,72.01,3.12,11.2252,0.2068,1,5,0,0,1,0,0,0,0,0,0,1,0,0,0,0,0,0,0,0,1,0,0,0,0,0,0,0,0,0,0,0,0,0,0,0,0,0,0,0
2272.76,Lead Contractor,3.57,1182.38,1090.38,15.38,10.4631,0.5202,1,0,0,0,0,0,0,1,0,0,0,0,0,0,0,0,0,0,0,1,0,0,0,0,0,0,0,0,0,0,0,0,1,0,0,0,0,0,0,0
4123.43,Site Supervisor,3.57,687,3436.43,14.88,10.4631,0.1666,1,5,0,0,0,0,0,1,1,0,0,0,0,0,0,0,0,0,0,0,0,0,0,0,0,1,0,0,0,0,0,0,0,0,0,0,0,0,0,0
2663.19,Lead Contractor,3.99,1519.73,1143.46,6.04,11.0021,0.5706,1,5,0,0,0,1,0,0,0,0,0,0,0,1,0,0,0,0,0,0,0,0,0,0,1,0,0,0,0,0,0,0,0,0,0,0,0,0,0,0
1651.63,Quality Inspector,4.9,1501.22,150.41,6.46,11.3504,0.9089,1,4,0,0,0,0,1,0,0,0,0,0,0,0,0,0,1,0,0,0,0,0,0,0,0,0,0,0,1,0,0,0,0,0,0,0,0,0,0,0
599.09,Sub Contractor,3.99,513.17,85.92,13.96,10.6454,0.8566,1,2,0,1,0,0,0,0,0,0,0,0,0,0,0,0,0,1,0,0,0,0,0,0,0,0,0,0,0,0,0,0,0,1,0,0,0,0,0,0
220.74,Sub Contractor,2.84,78.2,142.54,8.12,11.2252,0.3543,1,4,0,0,1,0,0,0,0,0,0,0,0,0,0,0,0,1,0,0,0,0,0,0,0,0,0,0,0,0,1,0,0,0,0,0,0,0,0,0
2338.24,Sub Contractor,2.33,1646.56,691.68,11.46,11.3504,0.7042,1,3,0,0,0,0,1,0,0,0,0,0,1,0,0,0,0,0,0,0,0,0,0,0,0,0,0,0,0,0,0,0,0,0,1,0,0,0,0,0
545.9,Project Lead,2.84,208.48,337.42,10.79,10.4631,0.3819,1,2,0,0,0,0,0,1,0,0,0,0,1,0,0,0,0,0,0,0,0,1,0,0,0,0,0,0,0,0,0,0,0,0,0,0,0,0,0,0
930.31,Sub Contractor,2.46,284.48,645.83,8.62,10.24,0.3058,0,0,1,0,0,0,0,0,0,0,0,0,0,0,0,0,0,0,0,1,0,0,0,0,0,0,0,0,0,0,0,0,0,0,0,0,0,1,0,0
7410.54,Lead Contractor,2.4,4399.19,3011.35,11.29,10.6454,0.5936,1,4,0,1,0,0,0,0,0,0,0,0,1,0,0,0,0,0,0,0,0,0,0,0,1,0,0,0,0,0,0,0,0,0,0,0,0,0,0,0
4984.99,Site Supervisor,4.47,3010.76,1974.23,7.88,11.3504,0.604,1,2,0,0,0,0,1,0,0,0,0,0,0,0,0,0,0,0,1,0,0,0,0,1,0,0,0,0,0,0,0,0,0,0,0,0,0,0,0,0
3956.72,Sub Contractor,3.99,3029.68,927.04,7.54,10.24,0.7657,0,4,1,0,0,0,0,0,1,0,0,0,0,0,0,0,0,0,0,0,0,0,0,0,0,0,0,0,0,0,0,0,0,1,0,0,0,0,0,0
7491.24,Site Supervisor,4.47,1937.52,5553.72,13.46,10.6454,0.2586,1,3,0,1,0,0,0,0,0,0,0,0,1,0,0,0,0,0,0,0,0,0,0,0,0,0,0,0,0,0,1,0,0,0,0,0,0,0,0,0
9123.4,Project Lead,4.03,670.64,8452.76,15.38,10.6454,0.0735,1,1,0,1,0,0,0,0,1,0,0,0,0,0,0,0,0,0,0,0,0,0,0,0,0,0,1,0,0,0,0,0,0,0,0,0,0,0,0,0
2507.92,Sub Contractor,1.64,1669.76,838.16,4.54,11.3504,0.6658,1,1,0,0,0,0,1,0,0,0,0,0,0,0,0,0,0,0,0,1,0,0,0,0,0,0,0,0,0,0,0,0,0,0,0,0,0,1,0,0
9740.4,Quality Inspector,2.4,3584.04,6156.36,3.12,11.2252,0.368,1,2,0,0,1,0,0,0,0,0,1,0,0,0,0,0,0,0,0,0,0,1,0,0,0,0,0,0,0,0,0,0,0,0,0,0,0,0,0,0
705.37,Site Supervisor,3.99,131.8,573.57,8.04,11.3504,0.1869,1,0,0,0,0,0,1,0,0,0,0,0,0,0,0,1,0,0,0,0,0,0,1,0,0,0,0,0,0,0,0,0,0,0,0,0,0,0,0,0
5074.41,Sub Contractor,2.33,4258.43,815.98,12.71,11.2252,0.8392,1,3,0,0,1,0,0,0,0,0,0,0,0,0,0,0,0,0,1,0,0,0,0,0,0,0,0,0,0,0,0,0,1,0,0,0,0,0,0,0
1896.03,Lead Contractor,1.64,1754.13,141.9,13.46,11.3504,0.9252,1,4,0,0,0,0,1,0,0,0,0,0,0,0,1,0,0,0,0,0,0,0,0,0,0,0,0,0,0,0,0,0,0,0,1,0,0,0,0,0
2164.25,Site Supervisor,4.9,2149.16,15.09,6.37,10.4631,0.993,1,5,0,0,0,0,0,1,0,0,0,0,0,0,0,0,0,1,0,0,0,0,0,0,0,0,0,0,0,0,0,0,0,0,0,0,0,0,0,1
2464.95,Sub Contractor,1.64,1808.88,656.07,2.71,10.6454,0.7338,1,2,0,1,0,0,0,0,0,0,0,0,0,0,0,1,0,0,0,0,0,0,0,0,0,0,0,0,0,0,0,1,0,0,0,0,0,0,0,0
4161.89,Sub Contractor,3.57,2171.29,1990.6,7.12,10.4631,0.5217,1,4,0,0,0,0,0,1,0,0,1,0,0,0,0,0,0,0,0,0,0,0,0,0,0,0,0,0,0,0,1,0,0,0,0,0,0,0,0,0
1851.95,Lead Contractor,2.4,1243.24,608.71,15.05,10.4631,0.6713,1,4,0,0,0,0,0,1,0,0,0,0,0,1,0,0,0,0,0,0,0,0,0,0,0,0,0,0,0,0,0,0,0,1,0,0,0,0,0,0
4496.5,Project Lead,1.89,3638.66,857.84,3.37,11.3504,0.8092,1,4,0,0,0,0,1,0,0,0,0,0,0,0,0,0,0,0,1,0,0,0,0,0,1,0,0,0,0,0,0,0,0,0,0,0,0,0,0,0
311.2,Site Supervisor,4.9,36.06,275.14,3.29,10.4631,0.1159,1,2,0,0,0,0,0,1,0,0,0,0,0,1,0,0,0,0,0,0,0,0,0,0,0,0,1,0,0,0,0,0,0,0,0,0,0,0,0,0
7564.63,Lead Contractor,1.64,3002.43,4562.2,11.96,10.24,0.3969,0,4,1,0,0,0,0,0,0,0,0,0,0,0,0,0,0,0,1,0,0,0,0,0,1,0,0,0,0,0,0,0,0,0,0,0,0,0,0,0
6689.97,Sub Contractor,4.9,2594.68,4095.29,11.12,10.24,0.3878,0,1,1,0,0,0,0,0,0,1,0,0,0,0,0,0,0,0,0,0,0,0,0,0,0,0,0,0,0,0,0,0,0,0,0,0,0,1,0,0
2197.84,Quality Inspector,2.4,1302.07,895.77,9.54,10.6454,0.5924,1,0,0,1,0,0,0,0,1,0,0,0,0,0,0,0,0,0,0,0,0,0,0,0,0,0,0,0,0,0,0,0,0,0,0,0,0,0,0,1
704.72,Site Supervisor,3.46,559.24,145.48,13.38,11.2252,0.7936,1,5,0,0,1,0,0,0,0,0,0,1,0,0,0,0,0,0,0,0,0,0,0,0,0,0,0,0,0,0,0,0,0,0,0,0,0,0,0,1
1179.53,Lead Contractor,3.57,578.16,601.37,5.29,11.2252,0.4902,1,5,0,0,1,0,0,0,0,0,0,0,0,0,0,0,0,1,0,0,0,0,1,0,0,0,0,0,0,0,0,0,0,0,0,0,0,0,0,0
1260.38,Project Lead,1.89,677.79,582.59,14.88,11.3504,0.5378,1,4,0,0,0,0,1,0,0,0,0,0,0,0,0,0,0,0,1,0,1,0,0,0,0,0,0,0,0,0,0,0,0,0,0,0,0,0,0,0
3917.53,Lead Contractor,3.57,3084.6,832.93,4.96,10.4631,0.7874,1,5,0,0,0,0,0,1,0,0,0,0,0,0,0,0,0,0,1,0,0,0,0,0,0,0,0,0,0,0,0,0,0,0,0,1,0,0,0,0
9232.19,Sub Contractor,4.9,3424.33,5807.86,6.96,10.24,0.3709,0,0,1,0,0,0,0,0,0,0,1,0,0,0,0,0,0,0,0,0,0,0,0,0,0,0,0,0,0,0,0,0,0,0,0,0,0,0,0,1
544.19,Lead Contractor,4.03,283.28,260.91,12.63,10.4631,0.5206,1,2,0,0,0,0,0,1,1,0,0,0,0,0,0,0,0,0,0,0,0,0,0,0,0,0,0,0,0,0,0,0,0,0,1,0,0,0,0,0
2876.34,Project Lead,4.03,2203.17,673.17,11.54,10.4631,0.766,1,3,0,0,0,0,0,1,0,0,1,0,0,0,0,0,0,0,0,0,0,0,0,0,0,0,0,0,0,0,0,0,1,0,0,0,0,0,0,0
788.3,Site Supervisor,3.99,202.5,585.8,3.2,10.4631,0.2569,1,3,0,0,0,0,0,1,0,0,0,0,0,0,0,1,0,0,0,0,0,0,0,0,0,0,0,0,0,0,1,0,0,0,0,0,0,0,0,0
8405.68,Project Lead,4.9,6954.33,1451.35,7.54,11.0021,0.8273,1,2,0,0,0,1,0,0,0,0,1,0,0,0,0,0,0,0,0,0,1,0,0,0,0,0,0,0,0,0,0,0,0,0,0,0,0,0,0,0
2685.06,Site Supervisor,3.46,611.33,2073.73,8.79,10.6454,0.2277,1,1,0,1,0,0,0,0,0,0,0,0,0,0,0,0,1,0,0,0,0,0,0,0,1,0,0,0,0,0,0,0,0,0,0,0,0,0,0,0
764.09,Lead Contractor,4.47,84.62,679.47,12.96,11.0021,0.1107,1,0,0,0,0,1,0,0,0,0,0,1,0,0,0,0,0,0,0,0,0,0,0,0,0,0,0,0,0,0,0,0,0,0,1,0,0,0,0,0
1126.17,Sub Contractor,2.33,572.8,553.37,15.55,10.4631,0.5086,1,1,0,0,0,0,0,1,0,0,0,0,0,0,0,0,0,0,0,1,0,0,0,0,0,0,0,0,0,0,0,0,0,0,0,0,0,0,1,0
1586.69,Lead Contractor,2.33,658.38,928.31,12.46,10.24,0.4149,0,3,1,0,0,0,0,0,0,0,0,0,0,0,0,0,0,1,0,0,0,0,0,0,0,0,0,0,0,0,0,0,0,0,0,0,1,0,0,0
2073.85,Project Lead,3.99,723.87,1349.98,14.3,10.24,0.349,0,4,1,0,0,0,0,0,0,0,0,0,0,0,0,0,0,0,0,1,0,0,0,0,0,0,0,0,0,0,0,1,0,0,0,0,0,0,0,0
4977.78,Site Supervisor,4.47,1185.53,3792.25,7.88,10.6454,0.2382,1,0,0,1,0,0,0,0,0,0,0,0,0,0,0,0,0,0,1,0,0,0,0,0,0,0,0,0,0,0,0,0,0,0,0,0,1,0,0,0
556.07,Site Supervisor,1.64,406.26,149.81,2.71,11.0021,0.7306,1,2,0,0,0,1,0,0,0,0,0,1,0,0,0,0,0,0,0,0,0,0,0,0,0,0,1,0,0,0,0,0,0,0,0,0,0,0,0,0
8100.36,Lead Contractor,3.46,4188.79,3911.57,2.71,10.24,0.5171,0,5,1,0,0,0,0,0,0,1,0,0,0,0,0,0,0,0,0,0,0,0,0,0,1,0,0,0,0,0,0,0,0,0,0,0,0,0,0,0
767.9,Lead Contractor,3.57,71.36,696.54,4.79,10.4631,0.0929,1,0,0,0,0,0,0,1,0,0,0,0,0,0,0,0,0,0,0,1,0,0,0,0,0,0,0,0,0,0,0,0,0,0,0,1,0,0,0,0
3929.14,Quality Inspector,2.4,1698.76,2230.38,14.63,11.2252,0.4323,1,0,0,0,1,0,0,0,1,0,0,0,0,0,0,0,0,0,0,0,0,0,0,0,0,0,0,0,0,0,0,0,0,0,0,0,0,0,1,0
2158.12,Sub Contractor,4.47,1609.41,548.71,6.46,10.6454,0.7457,1,1,0,1,0,0,0,0,0,0,1,0,0,0,0,0,0,0,0,0,0,0,1,0,0,0,0,0,0,0,0,0,0,0,0,0,0,0,0,0
2607.41,Sub Contractor,4.47,2227.22,380.19,11.63,10.4631,0.8542,1,5,0,0,0,0,0,1,0,0,0,0,0,0,0,0,1,0,0,0,0,0,0,0,0,0,0,0,0,0,0,0,0,0,0,0,0,0,0,1
1965.98,Project Lead,4.9,912.86,1053.12,10.96,10.6454,0.4643,1,5,0,1,0,0,0,0,0,0,0,0,0,0,0,0,1,0,0,0,0,0,0,0,0,0,0,1,0,0,0,0,0,0,0,0,0,0,0,0
8615.01,Quality Inspector,1.89,6126.76,2488.25,8.71,10.4631,0.7112,1,2,0,0,0,0,0,1,0,0,1,0,0,0,0,0,0,0,0,0,0,1,0,0,0,0,0,0,0,0,0,0,0,0,0,0,0,0,0,0
2811.65,Lead Contractor,2.4,1520.1,1291.55,10.12,10.6454,0.5406,1,3,0,1,0,0,0,0,0,0,0,0,0,0,0,0,1,0,0,0,0,0,0,1,0,0,0,0,0,0,0,0,0,0,0,0,0,0,0,0
2796.14,Site Supervisor,4.9,1293.63,1502.51,7.04,11.0021,0.4626,1,3,0,0,0,1,0,0,0,0,0,0,0,0,0,0,1,0,0,0,0,0,0,0,0,0,0,0,0,0,0,0,1,0,0,0,0,0,0,0
6803.72,Sub Contractor,2.33,3839.65,2964.07,3.04,10.4631,0.5643,1,1,0,0,0,0,0,1,0,0,0,0,1,0,0,0,0,0,0,0,0,0,0,0,0,0,0,0,0,0,0,0,0,1,0,0,0,0,0,0
7614.66,Sub Contractor,4.03,2817.56,4797.1,6.46,10.6454,0.37,1,0,0,1,0,0,0,0,0,0,0,0,1,0,0,0,0,0,0,0,0,0,0,0,1,0,0,0,0,0,0,0,0,0,0,0,0,0,0,0
794.22,Sub Contractor,3.57,677.68,116.54,8.88,11.3504,0.8533,1,1,0,0,0,0,1,0,0,0,0,0,0,0,0,0,0,1,0,0,0,0,0,0,0,0,0,0,0,0,0,0,0,0,1,0,0,0,0,0
9496.1,Project Lead,4.9,5803.15,3692.95,8.21,10.24,0.6111,0,3,1,0,0,0,0,0,0,0,1,0,0,0,0,0,0,0,0,0,0,0,0,0,0,1,0,0,0,0,0,0,0,0,0,0,0,0,0,0
1196.36,Project Lead,1.89,296.54,899.82,12.71,11.0021,0.2479,1,2,0,0,0,1,0,0,0,0,0,0,0,0,1,0,0,0,0,0,0,0,0,0,1,0,0,0,0,0,0,0,0,0,0,0,0,0,0,0
2426.57,Sub Contractor,4.9,1051.8,1374.77,12.54,11.2252,0.4335,1,5,0,0,1,0,0,0,0,0,0,0,0,0,0,0,1,0,0,0,1,0,0,0,0,0,0,0,0,0,0,0,0,0,0,0,0,0,0,0
1369.25,Site Supervisor,1.64,248.96,1120.29,12.12,10.6454,0.1818,1,5,0,1,0,0,0,0,0,0,0,0,0,0,0,0,1,0,0,0,0,0,0,0,0,0,0,0,0,0,0,1,0,0,0,0,0,0,0,0
2151.28,Lead Contractor,3.57,1099.96,1051.32,14.88,10.6454,0.5113,1,5,0,1,0,0,0,0,0,0,0,0,0,0,0,0,0,1,0,0,0,0,0,0,0,0,0,0,0,1,0,0,0,0,0,0,0,0,0,0
7120.88,Site Supervisor,4.47,5579.25,1541.63,3.62,11.0021,0.7835,1,4,0,0,0,1,0,0,0,0,1,0,0,0,0,0,0,0,0,0,1,0,0,0,0,0,0,0,0,0,0,0,0,0,0,0,0,0,0,0
2455.41,Site Supervisor,2.46,2396.11,59.3,13.96,10.24,0.9758,0,4,1,0,0,0,0,0,0,0,0,0,0,0,0,0,1,0,0,0,0,0,0,0,1,0,0,0,0,0,0,0,0,0,0,0,0,0,0,0
6827.07,Quality Inspector,2.33,1283.9,5543.17,8.29,10.6454,0.1881,1,2,0,1,0,0,0,0,0,1,0,0,0,0,0,0,0,0,0,0,0,0,0,0,0,0,0,0,1,0,0,0,0,0,0,0,0,0,0,0
1454.06,Lead Contractor,2.84,356.49,1097.57,7.54,11.2252,0.2452,1,1,0,0,1,0,0,0,0,0,0,1,0,0,0,0,0,0,0,0,0,0,0,0,0,0,0,0,1,0,0,0,0,0,0,0,0,0,0,0
2316.98,Lead Contractor,3.46,837.77,1479.21,8.29,11.2252,0.3616,1,2,0,0,1,0,0,0,0,0,0,0,0,0,1,0,0,0,0,0,0,1,0,0,0,0,0,0,0,0,0,0,0,0,0,0,0,0,0,0
1618.33,Site Supervisor,3.46,928.61,689.72,10.38,11.3504,0.5738,1,4,0,0,0,0,1,0,0,0,0,0,0,0,0,0,0,0,0,1,0,0,0,0,0,0,0,0,1,0,0,0,0,0,0,0,0,0,0,0
1145.75,Lead Contractor,3.46,523.82,621.93,4.96,10.24,0.4572,0,5,1,0,0,0,0,0,0,0,0,0,0,0,0,0,0,0,0,1,0,0,0,0,0,0,1,0,0,0,0,0,0,0,0,0,0,0,0,0
3802.81,Sub Contractor,2.33,2168.03,1634.78,8.96,11.2252,0.5701,1,5,0,0,1,0,0,0,1,0,0,0,0,0,0,0,0,0,0,0,0,0,0,0,1,0,0,0,0,0,0,0,0,0,0,0,0,0,0,0
1114,Project Lead,3.99,988.15,125.85,8.88,10.6454,0.887,1,4,0,1,0,0,0,0,0,0,0,0,0,0,0,0,1,0,0,0,0,0,0,0,0,0,0,0,0,0,0,0,0,0,0,1,0,0,0,0
8280.97,Project Lead,2.4,1521.52,6759.45,12.79,10.4631,0.1837,1,2,0,0,0,0,0,1,0,0,0,0,0,0,0,0,0,0,1,0,0,0,0,0,0,0,1,0,0,0,0,0,0,0,0,0,0,0,0,0
5470.41,Site Supervisor,3.57,356.56,5113.85,5.79,10.24,0.0652,0,4,1,0,0,0,0,0,1,0,0,0,0,0,0,0,0,0,0,0,0,0,0,0,0,0,0,0,0,0,0,0,0,0,0,0,0,1,0,0
1980.61,Sub Contractor,1.64,769.53,1211.08,15.21,10.6454,0.3885,1,0,0,1,0,0,0,0,0,0,0,0,0,0,0,0,1,0,0,0,0,0,0,0,0,0,0,0,0,0,0,0,0,0,0,0,0,0,1,0
8952.79,Lead Contractor,2.33,6736.58,2216.21,12.38,11.3504,0.7525,1,4,0,0,0,0,1,0,0,0,0,0,0,0,0,0,0,0,1,0,0,0,0,0,0,0,0,1,0,0,0,0,0,0,0,0,0,0,0,0
141.15,Site Supervisor,4.9,18.17,122.98,15.46,11.2252,0.1287,1,4,0,0,1,0,0,0,0,0,0,0,0,1,0,0,0,0,0,0,0,0,0,0,0,0,1,0,0,0,0,0,0,0,0,0,0,0,0,0
1977.49,Sub Contractor,3.99,861.5,1115.99,9.96,10.4631,0.4357,1,0,0,0,0,0,0,1,0,0,0,1,0,0,0,0,0,0,0,0,0,0,0,0,0,0,0,0,0,0,0,0,0,0,1,0,0,0,0,0
2650.82,Project Lead,3.46,1774.77,876.05,5.62,11.0021,0.6695,1,2,0,0,0,1,0,0,0,0,0,0,0,0,0,0,1,0,0,0,0,1,0,0,0,0,0,0,0,0,0,0,0,0,0,0,0,0,0,0
2537.66,Quality Inspector,3.99,1467.87,1069.79,10.79,10.24,0.5784,0,3,1,0,0,0,0,0,0,0,0,0,0,0,0,0,0,1,0,0,0,0,1,0,0,0,0,0,0,0,0,0,0,0,0,0,0,0,0,0
4797.83,Lead Contractor,3.57,2926.25,1871.58,4.87,10.4631,0.6099,1,3,0,0,0,0,0,1,0,1,0,0,0,0,0,0,0,0,0,0,0,0,0,0,0,0,0,0,0,0,0,0,0,0,0,0,0,0,0,1
2570.05,Quality Inspector,1.89,1357.96,1212.09,15.88,11.0021,0.5284,1,4,0,0,0,1,0,0,0,0,0,0,0,0,0,0,0,1,0,0,0,0,0,0,0,0,0,0,0,0,0,0,0,1,0,0,0,0,0,0
1983.02,Sub Contractor,4.47,559.76,1423.26,15.21,10.6454,0.2823,1,1,0,1,0,0,0,0,0,0,0,0,0,0,0,0,0,0,1,0,0,1,0,0,0,0,0,0,0,0,0,0,0,0,0,0,0,0,0,0
7374.02,Sub Contractor,3.46,936.69,6437.33,9.46,10.4631,0.127,1,3,0,0,0,0,0,1,1,0,0,0,0,0,0,0,0,0,0,0,0,0,0,0,0,0,0,1,0,0,0,0,0,0,0,0,0,0,0,0
2344.76,Project Lead,4.47,2045.7,299.06,4.45,11.3504,0.8725,1,1,0,0,0,0,1,0,0,0,0,0,0,0,0,0,0,0,0,1,0,0,0,0,0,1,0,0,0,0,0,0,0,0,0,0,0,0,0,0
3395.44,Sub Contractor,4.47,1765.01,1630.43,5.37,11.3504,0.5198,1,4,0,0,0,0,1,0,0,1,0,0,0,0,0,0,0,0,0,0,0,0,1,0,0,0,0,0,0,0,0,0,0,0,0,0,0,0,0,0
7651.98,Site Supervisor,2.4,6074.49,1577.49,5.29,11.3504,0.7938,1,0,0,0,0,0,1,0,0,1,0,0,0,0,0,0,0,0,0,0,0,0,0,0,0,0,0,0,0,0,0,0,0,1,0,0,0,0,0,0
5707.45,Sub Contractor,2.46,4043.41,1664.04,14.63,11.0021,0.7084,1,1,0,0,0,1,0,0,0,0,0,0,1,0,0,0,0,0,0,0,0,0,0,0,0,0,0,0,0,0,0,0,0,1,0,0,0,0,0,0
5927.64,Sub Contractor,1.64,617.28,5310.36,12.63,10.4631,0.1041,1,0,0,0,0,0,0,1,0,0,0,0,1,0,0,0,0,0,0,0,0,0,0,0,0,0,0,0,0,0,0,0,0,0,0,0,0,0,1,0
1252.47,Quality Inspector,4.47,835.99,416.48,7.12,11.2252,0.6675,1,1,0,0,1,0,0,0,0,0,0,0,0,1,0,0,0,0,0,0,0,0,0,0,0,0,0,0,0,0,0,0,0,0,0,0,0,1,0,0
926.34,Quality Inspector,2.84,683.63,242.71,6.62,11.0021,0.738,1,2,0,0,0,1,0,0,1,0,0,0,0,0,0,0,0,0,0,0,0,0,0,0,0,0,0,0,0,0,0,1,0,0,0,0,0,0,0,0
2608.88,Lead Contractor,3.57,1277.56,1331.32,15.96,11.2252,0.4897,1,1,0,0,1,0,0,0,0,0,0,0,0,0,0,0,1,0,0,0,0,0,0,0,0,0,0,0,0,0,0,0,1,0,0,0,0,0,0,0
5471.03,Sub Contractor,2.4,937.74,4533.29,7.96,11.2252,0.1714,1,1,0,0,1,0,0,0,0,0,1,0,0,0,0,0,0,0,0,0,0,0,0,1,0,0,0,0,0,0,0,0,0,0,0,0,0,0,0,0
527.55,Sub Contractor,2.84,255.17,272.38,6.37,10.24,0.4837,0,1,1,0,0,0,0,0,0,0,0,1,0,0,0,0,0,0,0,0,0,0,0,0,0,0,0,0,0,1,0,0,0,0,0,0,0,0,0,0
2595.56,Project Lead,4.9,1044.39,1551.17,5.87,10.24,0.4024,0,4,1,0,0,0,0,0,0,0,0,0,0,0,1,0,0,0,0,0,0,0,0,0,0,0,0,1,0,0,0,0,0,0,0,0,0,0,0,0
1053.4,Quality Inspector,4.47,1031.28,22.12,8.71,11.0021,0.979,1,1,0,0,0,1,0,0,0,0,0,0,0,0,0,0,0,1,0,0,0,0,0,0,0,1,0,0,0,0,0,0,0,0,0,0,0,0,0,0
2833.53,Quality Inspector,2.84,1895.46,938.07,5.87,11.3504,0.6689,1,1,0,0,0,0,1,0,0,0,0,0,0,0,0,0,0,1,0,0,0,0,0,0,0,0,0,0,0,0,0,0,0,0,0,0,1,0,0,0
1263.65,Quality Inspector,3.46,445.76,817.89,5.45,10.4631,0.3528,1,0,0,0,0,0,0,1,0,0,0,0,0,0,0,0,1,0,0,0,0,0,0,0,0,0,0,0,0,0,0,0,0,0,0,0,0,0,0,1
2590.51,Sub Contractor,1.89,1165.76,1424.75,6.04,10.6454,0.45,1,1,0,1,0,0,0,0,0,0,0,0,0,0,0,0,0,1,0,0,0,0,0,0,0,0,0,0,0,0,0,0,0,1,0,0,0,0,0,0
2249.28,Quality Inspector,1.89,977.42,1271.86,11.12,10.6454,0.4345,1,2,0,1,0,0,0,0,0,0,0,0,1,0,0,0,0,0,0,0,0,1,0,0,0,0,0,0,0,0,0,0,0,0,0,0,0,0,0,0
2705.73,Lead Contractor,3.57,1339.12,1366.61,6.46,11.0021,0.4949,1,5,0,0,0,1,0,0,0,0,0,0,0,0,0,0,0,0,1,0,0,0,1,0,0,0,0,0,0,0,0,0,0,0,0,0,0,0,0,0
2559.35,Site Supervisor,2.33,169.18,2390.17,4.37,10.24,0.0661,0,3,1,0,0,0,0,0,0,0,0,0,0,0,0,0,0,1,0,0,0,0,1,0,0,0,0,0,0,0,0,0,0,0,0,0,0,0,0,0
2278.17,Project Lead,3.46,1156.84,1121.33,12.29,10.24,0.5078,0,4,1,0,0,0,0,0,0,0,0,0,0,0,1,0,0,0,0,0,0,0,0,0,0,0,0,0,0,0,0,0,0,0,0,0,1,0,0,0
7485.65,Project Lead,1.89,5625.33,1860.32,9.71,10.6454,0.7515,1,3,0,1,0,0,0,0,0,0,1,0,0,0,0,0,0,0,0,0,0,0,0,0,0,0,0,0,0,0,1,0,0,0,0,0,0,0,0,0
1538.5,Site Supervisor,3.57,641.19,897.31,5.29,10.4631,0.4168,1,3,0,0,0,0,0,1,0,0,0,0,0,0,0,0,0,0,1,0,0,0,0,0,1,0,0,0,0,0,0,0,0,0,0,0,0,0,0,0
585.75,Quality Inspector,4.03,182.11,403.64,9.54,10.4631,0.3109,1,3,0,0,0,0,0,1,0,0,0,1,0,0,0,0,0,0,0,0,0,0,0,0,0,0,0,0,1,0,0,0,0,0,0,0,0,0,0,0
4904,Sub Contractor,2.33,3856.88,1047.12,7.21,11.0021,0.7865,1,5,0,0,0,1,0,0,0,0,0,0,1,0,0,0,0,0,0,0,1,0,0,0,0,0,0,0,0,0,0,0,0,0,0,0,0,0,0,0
94.24,Site Supervisor,1.64,11.5,82.74,9.71,10.6454,0.122,1,3,0,1,0,0,0,0,0,0,0,1,0,0,0,0,0,0,0,0,0,0,0,0,1,0,0,0,0,0,0,0,0,0,0,0,0,0,0,0
7209.15,Sub Contractor,4.47,5309.06,1900.09,5.12,11.2252,0.7364,1,5,0,0,1,0,0,0,0,0,1,0,0,0,0,0,0,0,0,0,0,0,0,0,0,0,0,0,0,0,0,1,0,0,0,0,0,0,0,0
2309.42,Site Supervisor,1.64,403.1,1906.32,9.54,10.6454,0.1745,1,1,0,1,0,0,0,0,0,0,0,0,0,0,0,0,0,1,0,0,0,0,1,0,0,0,0,0,0,0,0,0,0,0,0,0,0,0,0,0
880.57,Site Supervisor,2.46,33.82,846.75,11.88,10.24,0.0384,0,2,1,0,0,0,0,0,0,0,0,1,0,0,0,0,0,0,0,0,0,0,0,0,0,0,0,0,1,0,0,0,0,0,0,0,0,0,0,0
6275.85,Sub Contractor,2.84,2967.58,3308.27,8.62,10.24,0.4729,0,3,1,0,0,0,0,0,1,0,0,0,0,0,0,0,0,0,0,0,0,0,0,0,0,0,0,0,0,1,0,0,0,0,0,0,0,0,0,0
808.1,Quality Inspector,1.64,66.52,741.58,11.21,11.2252,0.0823,1,0,0,0,1,0,0,0,0,0,0,0,1,0,0,0,0,0,0,0,0,0,0,0,0,0,0,0,1,0,0,0,0,0,0,0,0,0,0,0
1725.4,Sub Contractor,3.46,120.06,1605.34,5.87,10.6454,0.0696,1,0,0,1,0,0,0,0,0,0,0,0,0,1,0,0,0,0,0,0,0,0,0,0,0,0,0,0,0,0,0,1,0,0,0,0,0,0,0,0
1116.8,Quality Inspector,3.46,485,631.8,10.12,11.0021,0.4343,1,3,0,0,0,1,0,0,1,0,0,0,0,0,0,0,0,0,0,0,0,0,0,0,0,0,0,0,0,0,0,0,0,0,0,0,0,1,0,0
9878.3,Sub Contractor,1.89,9747.5,130.8,16.13,10.4631,0.9868,1,3,0,0,0,0,0,1,0,1,0,0,0,0,0,0,0,0,0,0,0,0,0,1,0,0,0,0,0,0,0,0,0,0,0,0,0,0,0,0
5963.86,Site Supervisor,4.47,3065.56,2898.3,2.79,10.4631,0.514,1,0,0,0,0,0,0,1,1,0,0,0,0,0,0,0,0,0,0,0,1,0,0,0,0,0,0,0,0,0,0,0,0,0,0,0,0,0,0,0
2131.59,Lead Contractor,3.57,1713.47,418.12,4.04,10.24,0.8038,0,2,1,0,0,0,0,0,0,0,0,1,0,0,0,0,0,0,0,0,0,0,0,0,0,0,0,0,0,0,0,0,0,0,0,0,0,0,1,0
1061.96,Site Supervisor,2.84,297.89,764.07,9.71,10.4631,0.2805,1,5,0,0,0,0,0,1,0,0,0,1,0,0,0,0,0,0,0,0,0,0,0,1,0,0,0,0,0,0,0,0,0,0,0,0,0,0,0,0
38.27,Project Lead,4.47,24.09,14.18,7.54,11.0021,0.6295,1,5,0,0,0,1,0,0,0,0,0,0,0,0,0,0,1,0,0,0,0,0,0,0,0,1,0,0,0,0,0,0,0,0,0,0,0,0,0,0
2750.17,Project Lead,3.99,1318.7,1431.47,10.79,10.6454,0.4795,1,4,0,1,0,0,0,0,0,0,0,0,0,0,1,0,0,0,0,0,0,0,0,0,0,0,0,0,0,0,0,1,0,0,0,0,0,0,0,0
2508.62,Quality Inspector,1.64,133.12,2375.5,3.71,10.24,0.0531,0,1,1,0,0,0,0,0,0,0,0,0,0,0,0,0,0,1,0,0,0,0,0,0,0,0,0,0,0,0,0,0,0,0,0,0,0,1,0,0
796.15,Site Supervisor,3.99,327.16,468.99,15.05,11.0021,0.4109,1,3,0,0,0,1,0,0,0,0,0,0,0,0,0,0,0,0,1,0,0,0,0,0,0,0,0,0,0,0,0,0,0,0,0,0,0,1,0,0
4431.76,Project Lead,2.84,1449.35,2982.41,4.79,11.0021,0.327,1,3,0,0,0,1,0,0,0,0,0,0,0,0,0,0,0,0,1,0,0,0,0,0,0,0,0,0,0,0,0,0,1,0,0,0,0,0,0,0
2741.79,Project Lead,2.4,503.63,2238.16,14.8,10.6454,0.1837,1,3,0,1,0,0,0,0,0,0,0,0,0,0,0,0,0,1,0,0,0,0,0,0,0,1,0,0,0,0,0,0,0,0,0,0,0,0,0,0
3609.71,Site Supervisor,2.4,253.67,3356.04,2.54,11.2252,0.0703,1,4,0,0,1,0,0,0,0,0,1,0,0,0,0,0,0,0,0,0,0,0,0,0,0,0,0,0,0,0,0,0,0,0,0,0,0,0,1,0
2618.19,Lead Contractor,2.33,2027.43,590.76,15.88,11.3504,0.7744,1,1,0,0,0,0,1,0,0,0,0,0,0,1,0,0,0,0,0,0,0,0,0,0,0,0,0,0,0,0,0,0,0,0,0,1,0,0,0,0
976.22,Sub Contractor,4.9,449.72,526.5,6.88,11.3504,0.4607,1,2,0,0,0,0,1,0,0,0,0,1,0,0,0,0,0,0,0,0,0,0,0,0,0,1,0,0,0,0,0,0,0,0,0,0,0,0,0,0
2875.73,Site Supervisor,2.4,1625.18,1250.55,13.88,10.6454,0.5651,1,0,0,1,0,0,0,0,0,0,0,0,0,0,0,0,1,0,0,0,0,0,0,0,0,0,0,0,0,0,0,0,0,0,0,0,1,0,0,0
1176.81,Project Lead,4.47,74.11,1102.7,3.87,11.2252,0.063,1,0,0,0,1,0,0,0,1,0,0,0,0,0,0,0,0,0,0,0,0,0,0,0,0,0,0,0,0,0,0,0,0,1,0,0,0,0,0,0
1187.91,Sub Contractor,1.64,832.69,355.22,10.21,11.3504,0.701,1,5,0,0,0,0,1,0,0,0,0,0,0,0,0,0,0,0,0,1,0,0,0,0,0,0,0,0,1,0,0,0,0,0,0,0,0,0,0,0
254.07,Lead Contractor,1.64,234.38,19.69,11.79,11.0021,0.9225,1,3,0,0,0,1,0,0,0,0,0,0,0,0,0,1,0,0,0,0,0,0,1,0,0,0,0,0,0,0,0,0,0,0,0,0,0,0,0,0
1422.23,Sub Contractor,3.46,548.59,873.64,11.38,10.24,0.3857,0,2,1,0,0,0,0,0,0,0,0,0,0,0,0,1,0,0,0,0,0,0,0,0,0,0,0,0,0,0,0,0,1,0,0,0,0,0,0,0
5015.68,Site Supervisor,2.33,1862.89,3152.79,8.62,11.0021,0.3714,1,1,0,0,0,1,0,0,0,0,0,0,1,0,0,0,0,0,0,0,0,0,0,0,0,0,0,0,0,0,0,0,0,0,0,0,0,1,0,0
3595.76,Quality Inspector,2.46,1516.65,2079.11,14.72,10.4631,0.4218,1,5,0,0,0,0,0,1,0,0,0,0,0,0,0,0,0,0,1,0,0,0,0,0,0,0,0,0,0,0,0,0,0,1,0,0,0,0,0,0
1457.48,Sub Contractor,4.47,1429.64,27.84,12.54,10.4631,0.9809,1,4,0,0,0,0,0,1,0,0,0,0,0,1,0,0,0,0,0,0,0,0,0,0,0,0,0,0,0,0,0,0,0,0,1,0,0,0,0,0
6861.25,Project Lead,1.89,4186.82,2674.43,4.96,10.4631,0.6102,1,5,0,0,0,0,0,1,0,0,0,0,0,0,0,0,0,0,1,0,0,0,0,0,0,0,0,0,0,0,0,0,0,0,0,0,0,1,0,0
9580.89,Sub Contractor,1.64,3838.58,5742.31,2.62,11.3504,0.4006,1,4,0,0,0,0,1,0,0,0,1,0,0,0,0,0,0,0,0,0,0,0,0,0,1,0,0,0,0,0,0,0,0,0,0,0,0,0,0,0
2276.09,Sub Contractor,3.46,1431.72,844.37,13.05,11.3504,0.629,1,5,0,0,0,0,1,0,0,0,0,0,0,0,0,1,0,0,0,0,0,0,0,0,0,0,0,0,1,0,0,0,0,0,0,0,0,0,0,0
2387.15,Project Lead,4.9,2191.62,195.53,5.79,10.6454,0.9181,1,5,0,1,0,0,0,0,0,0,0,0,0,0,0,1,0,0,0,0,0,0,0,1,0,0,0,0,0,0,0,0,0,0,0,0,0,0,0,0
400.12,Sub Contractor,3.57,14.33,385.79,6.54,11.3504,0.0358,1,1,0,0,0,0,1,0,0,0,0,0,0,0,0,0,1,0,0,0,0,1,0,0,0,0,0,0,0,0,0,0,0,0,0,0,0,0,0,0
1306.51,Quality Inspector,4.03,557.65,748.86,2.87,11.3504,0.4268,1,0,0,0,0,0,1,0,0,0,0,0,0,0,0,0,0,1,0,0,0,0,0,0,0,0,1,0,0,0,0,0,0,0,0,0,0,0,0,0
580.92,Project Lead,4.47,579.49,1.43,6.04,10.6454,0.9975,1,3,0,1,0,0,0,0,0,0,0,0,0,1,0,0,0,0,0,0,0,0,0,0,1,0,0,0,0,0,0,0,0,0,0,0,0,0,0,0
2169.59,Site Supervisor,3.99,1420.57,749.02,16.13,10.6454,0.6548,1,3,0,1,0,0,0,0,0,0,0,0,0,0,0,0,0,0,0,1,0,0,0,0,0,0,0,0,0,0,0,0,0,1,0,0,0,0,0,0
1538.06,Quality Inspector,2.33,684.29,853.77,6.71,11.2252,0.4449,1,0,0,0,1,0,0,0,0,0,0,0,0,1,0,0,0,0,0,0,0,0,0,0,0,0,0,0,0,0,1,0,0,0,0,0,0,0,0,0
